Date,USD/KRW,EUR/USD,KRW/KRW,CNH/KRW,CNY/KRW,EUR/KRW,JPY/KRW,HKD/KRW,GBP/KRW,CAD/KRW,BRL/KRW,THB/KRW,BRL/USD,CAD/USD,CNY/USD,GBP/USD,HKD/USD,JPY/USD,THB/USD
2024-12-10,1426.95,1.0521,1.0,197.78,197.78,1501.74,9.3843,183.99,1823.96,1010.38,240.22,42.25,0.167927298,0.706312478,0.137378539,1.275050682,0.128619364,0.006560154,0.029535128
2024-12-11,1430.5,1.049800769,1.0,196.52,196.52,1501.74,9.3843,183.99,1823.96,1010.38,240.22,42.25,0.167927298,0.706312478,0.137378539,1.275050682,0.128619364,0.006560154,0.029535128
2024-12-12,1431.8,1.046996787,1.0,196.8,196.8,1499.09,9.3842,184.15,1814.95,1007.07,238.73,42.18,0.166734181,0.703359408,0.137449364,1.267600223,0.128614332,0.006554128,0.029459422
2024-12-13,1436.2,1.049651859,1.0,197.25,197.25,1507.51,9.3469,184.7,1812.2,1008.82,237.15,42.06,0.165123242,0.702423061,0.137341596,1.261801977,0.128603259,0.006508077,0.029285615
2024-12-16,1438.5,1.050997567,1.0,197.29,197.29,1511.86,9.3327,185.03,1824.45,1010.22,233.96,42.22,0.162641641,0.702273201,0.137149809,1.268300313,0.128627042,0.0064878,0.029350017
2024-12-17,1438.2,1.049450702,1.0,197.35,197.35,1509.32,9.3715,185.09,1828.31,1004.96,235.57,42.07,0.163795022,0.698762342,0.137220136,1.271248783,0.128695592,0.006516131,0.029251843
2024-12-18,1451.7,1.035096783,1.0,198.16,198.16,1502.65,9.3806,186.81,1824.86,1004.91,230.79,42.06,0.158979128,0.6922298,0.136502032,1.257050355,0.128683612,0.006461803,0.028972928
2024-12-19,1448.0,1.036546961,1.0,198.1,198.1,1500.92,9.1969,186.36,1810.94,1005.8,235.33,41.89,0.162520718,0.69461326,0.136809392,1.250649171,0.128701657,0.00635145,0.028929558
2024-12-20,1449.5,1.043201104,1.0,198.66,198.66,1512.12,9.2816,186.53,1824.12,1009.61,238.54,42.28,0.164567092,0.696522939,0.137054157,1.258447741,0.128685754,0.006403311,0.029168679
2024-12-23,1452.6,1.040603057,1.0,198.79,198.79,1511.58,9.2431,186.93,1821.27,1010.61,234.5,42.39,0.161434669,0.695724907,0.136851163,1.253800083,0.128686493,0.006363142,0.029182156
2024-12-24,1459.2,1.0393983,1.0,199.74,199.74,1516.69,9.283,187.85,1829.11,1016.09,235.67,42.73,0.161506305,0.696333607,0.136883224,1.253501919,0.128734923,0.006361705,0.029283169
2024-12-26,1469.2,1.042397223,1.0,201.18,201.18,1531.49,9.3049,189.13,1840.54,1019.78,237.68,43.11,0.161775116,0.694105636,0.136931663,1.252749796,0.128729921,0.006333311,0.029342499
2024-12-27,1476.0,1.042649051,1.0,202.17,202.17,1538.95,9.348,190.15,1856.73,1023.72,238.34,43.34,0.161476965,0.693577236,0.136971545,1.257947154,0.128827913,0.006333333,0.029363144
2024-12-30,1471.8,1.040297595,1.0,201.26,201.26,1531.11,9.3799,189.51,1846.74,1025.5,238.23,43.05,0.161863025,0.696765865,0.136744123,1.254749287,0.128760701,0.006373081,0.029249898
2024-12-31,1477.0,1.035748138,1.0,201.45,201.45,1529.8,9.3909,190.12,1848.39,1026.84,238.82,43.05,0.16169262,0.695220041,0.136391334,1.251448883,0.128720379,0.006358091,0.029146919
2025-01-02,1471.5,1.026653075,1.0,200.47,200.47,1510.72,9.3449,189.21,1822.01,1021.34,239.17,42.76,0.162534828,0.69408087,0.136235134,1.238199117,0.128583078,0.006350595,0.029058784
2025-01-03,1471.0,1.03025153,1.0,199.92,199.92,1515.5,9.3536,189.08,1827.06,1017.99,237.96,42.71,0.161767505,0.692039429,0.135907546,1.242053025,0.128538409,0.006358668,0.02903467
2025-01-06,1462.9,1.038950031,1.0,199.14,199.14,1519.88,9.2812,188.15,1831.33,1020.62,239.21,42.33,0.16351767,0.697669014,0.136126871,1.251849067,0.128614396,0.006344384,0.028935676
2025-01-07,1454.5,1.03425232,1.0,198.15,198.15,1504.32,9.2042,187.03,1814.85,1012.32,238.39,42.12,0.163898247,0.69599175,0.136232382,1.247748367,0.128587143,0.006328085,0.028958405
2025-01-08,1461.0,1.031848049,1.0,198.68,198.68,1507.53,9.2308,187.83,1806.53,1016.38,239.28,42.18,0.163778234,0.695674196,0.135989049,1.236502396,0.128562628,0.006318138,0.028870637
2025-01-09,1460.7,1.030047238,1.0,198.57,198.57,1504.59,9.2353,187.7,1798.19,1014.52,241.98,42.28,0.1656603,0.694543712,0.135941672,1.231046758,0.128500034,0.006322517,0.028945026
2025-01-10,1474.8,1.024403309,1.0,200.34,200.34,1510.79,9.3505,189.4,1800.07,1022.6,241.54,42.56,0.163778139,0.693382154,0.135842148,1.220551939,0.128424193,0.006340182,0.02885815
2025-01-13,1468.0,1.027152589,1.0,200.0,200.0,1507.86,9.334,188.54,1797.35,1022.46,240.86,42.4,0.164073569,0.696498638,0.136239782,1.224352861,0.128433243,0.006358311,0.028882834
2025-01-14,1461.0,1.03065024,1.0,198.94,198.94,1505.78,9.2492,187.62,1784.25,1018.15,241.25,42.12,0.165126626,0.696885695,0.136167009,1.221252567,0.128418891,0.006330732,0.028829569
2025-01-15,1456.0,1.029299451,1.0,198.15,198.15,1498.66,9.3112,186.97,1782.58,1015.55,242.14,42.11,0.166304945,0.697493132,0.136092033,1.224299451,0.128413462,0.006395055,0.028921703
2025-01-16,1457.5,1.030147513,1.0,198.38,198.38,1501.44,9.3908,187.15,1783.98,1012.47,240.9,42.15,0.165283019,0.694662093,0.136109777,1.224,0.128404803,0.006443087,0.028919383
2025-01-17,1459.5,1.027653306,1.0,198.97,198.97,1499.86,9.3357,187.48,1777.31,1008.32,240.41,42.65,0.164720795,0.690866735,0.136327509,1.217752655,0.12845495,0.006396506,0.029222336
2025-01-20,1441.0,1.04129771,1.0,198.42,198.42,1500.51,9.2588,185.21,1775.89,1006.71,238.9,42.21,0.165787647,0.698619015,0.137696044,1.23240111,0.128528799,0.00642526,0.029292158
2025-01-21,1436.5,1.042902889,1.0,197.76,197.76,1498.13,9.2388,184.52,1774.08,1002.9,238.52,42.26,0.166042464,0.698155238,0.137667943,1.23500174,0.128451096,0.006431465,0.029418726
2025-01-22,1437.0,1.0410508,1.0,197.34,197.34,1495.99,9.1845,184.51,1769.52,999.06,241.83,42.42,0.1682881,0.695240084,0.137327766,1.231398747,0.128399443,0.006391441,0.029519833
2025-01-23,1436.5,1.041649843,1.0,197.2,197.2,1496.33,9.2072,184.41,1774.44,998.78,242.46,42.23,0.168785242,0.695287156,0.137278107,1.235252349,0.128374521,0.006409467,0.029397842
2025-01-24,1446.0,1.038748271,1.0,198.24,198.24,1502.03,9.375,185.57,1795.28,997.62,246.12,42.96,0.170207469,0.689917012,0.137095436,1.241549101,0.128333333,0.006483402,0.029709544
2025-01-31,1459.0,1.025250171,1.0,199.28,199.28,1495.84,9.4105,187.18,1795.45,989.79,249.66,43.17,0.171117204,0.678403016,0.136586703,1.230603153,0.128293352,0.006449966,0.029588759
2025-02-03,1458.0,1.034300412,1.0,199.61,199.61,1508.01,9.4153,187.09,1814.12,1011.76,251.08,43.06,0.172208505,0.6939369,0.136906722,1.244252401,0.128319616,0.006457682,0.029533608
2025-02-04,1453.5,1.037846577,1.0,199.46,199.46,1508.51,9.4157,186.66,1813.97,1014.55,252.41,43.18,0.173656691,0.698004816,0.137227382,1.248001376,0.128421053,0.00647795,0.029707602
2025-02-05,1445.5,1.040498098,1.0,198.57,198.57,1504.04,9.4743,185.64,1807.38,1009.64,249.04,43.08,0.172286406,0.698471117,0.137371152,1.25034936,0.12842615,0.006554341,0.029802836
2025-02-06,1447.0,1.038348307,1.0,198.51,198.51,1502.49,9.5527,185.83,1798.98,1011.29,251.12,42.81,0.173545266,0.698887353,0.137187284,1.2432481,0.128424326,0.006601728,0.029585349
2025-02-07,1457.8,1.029551379,1.0,199.34,199.34,1500.88,9.6221,187.11,1805.12,1014.93,250.94,43.01,0.172136095,0.696206613,0.136740294,1.238249417,0.12835094,0.006600425,0.029503361
2025-02-10,1452.2,1.030450351,1.0,198.66,198.66,1496.42,9.5599,186.45,1796.3,1013.47,250.91,42.86,0.172779232,0.697885966,0.136799339,1.236950833,0.128391406,0.006583046,0.029513841
2025-02-11,1452.5,1.036048193,1.0,198.75,198.75,1504.86,9.5274,186.4,1807.42,1016.69,251.91,42.66,0.173432014,0.699958692,0.136833046,1.244351119,0.128330465,0.006559312,0.029370052
2025-02-12,1453.5,1.038548332,1.0,198.89,198.89,1509.53,9.4163,186.59,1808.52,1016.33,252.11,42.72,0.173450292,0.699229446,0.136835225,1.244251806,0.128372893,0.006478363,0.029391125
2025-02-13,1443.0,1.046652807,1.0,198.46,198.46,1510.32,9.4419,185.28,1812.77,1016.3,250.2,42.87,0.173388773,0.704296604,0.137532918,1.256250866,0.128399168,0.006543243,0.02970894
2025-02-14,1443.8,1.048898739,1.0,198.91,198.91,1514.4,9.4812,185.49,1817.46,1018.41,253.09,42.92,0.175294362,0.705367779,0.137768389,1.258803158,0.128473473,0.006566838,0.029727109
2025-02-17,1443.0,1.048302148,1.0,198.63,198.63,1512.7,9.532,185.46,1821.43,1017.38,252.8,42.82,0.175190575,0.705045045,0.137650728,1.262252252,0.128523909,0.006605683,0.02967429
2025-02-18,1442.5,1.04515078,1.0,198.26,198.26,1507.63,9.4858,185.54,1822.45,1016.31,253.53,42.84,0.175757366,0.70454766,0.137441941,1.26339688,0.128623917,0.006575945,0.02969844
2025-02-19,1443.5,1.042549359,1.0,198.23,198.23,1504.92,9.5347,185.61,1816.79,1013.84,252.28,42.78,0.174769657,0.702348459,0.137325944,1.258600623,0.128583304,0.006605265,0.029636301
2025-02-20,1434.7,1.049850143,1.0,198.29,198.29,1506.22,9.5931,184.49,1817.41,1011.78,251.58,42.75,0.175353732,0.705220604,0.138210079,1.266752631,0.128591343,0.006686485,0.02979717
2025-02-21,1438.3,1.047702148,1.0,198.37,198.37,1506.91,9.6375,185.11,1817.51,1011.11,251.01,42.85,0.174518529,0.702989641,0.137919766,1.263651533,0.128700549,0.006700619,0.029792116
2025-02-24,1430.2,1.046748706,1.0,197.17,197.17,1497.06,9.5531,183.98,1805.77,1002.84,247.48,42.67,0.173038736,0.701188645,0.137861838,1.262599636,0.128639351,0.006679555,0.029834988
2025-02-25,1432.8,1.051347013,1.0,197.52,197.52,1506.37,9.6113,184.3,1814.57,1001.08,249.61,42.4,0.174211334,0.698687884,0.137855946,1.266450307,0.128629257,0.006708054,0.029592406
2025-02-26,1435.5,1.048798328,1.0,197.57,197.57,1505.55,9.632,184.66,1820.0,1001.01,247.33,42.56,0.172295367,0.697324974,0.137631487,1.267850923,0.128638105,0.006709857,0.029648206
2025-02-27,1449.5,1.039399793,1.0,198.6,198.6,1506.61,9.6769,186.37,1826.73,1003.84,248.18,42.54,0.171217661,0.692542256,0.137012763,1.260248362,0.128575371,0.006676026,0.029348051
2025-02-28,1462.0,1.04874829,1.0,200.15,200.15,1533.27,9.7744,187.98,1857.4,1008.73,248.41,42.96,0.169911081,0.6899658,0.136901505,1.270451436,0.128577291,0.006685636,0.029384405
2025-03-04,1455.5,1.062047406,1.0,200.7,200.7,1545.81,9.7205,187.28,1861.66,1011.15,247.31,43.24,0.169914119,0.694709722,0.137890759,1.279051872,0.12867056,0.006678461,0.029708004
2025-03-05,1446.0,1.079052559,1.0,199.83,199.83,1560.31,9.7148,186.07,1864.26,1008.9,251.92,43.09,0.174218534,0.697717842,0.138195021,1.289253112,0.128679115,0.006718396,0.029799447
2025-03-06,1448.5,1.07904729,1.0,200.0,200.0,1563.0,9.7905,186.38,1865.96,1012.9,251.28,43.0,0.17347601,0.699275112,0.13807387,1.288201588,0.128671039,0.006759061,0.029685882
2025-03-07,1449.8,1.084701338,1.0,200.17,200.17,1572.6,9.8228,186.56,1873.87,1008.52,250.35,42.94,0.17267899,0.695626983,0.13806732,1.292502414,0.128679818,0.006775279,0.029617878
2025-03-10,1459.0,1.083749143,1.0,200.91,200.91,1581.19,9.9194,187.81,1878.46,1010.6,249.18,43.02,0.170788211,0.69266621,0.137703907,1.287498286,0.128725154,0.006798766,0.029485949
2025-03-11,1453.0,1.091596696,1.0,201.05,201.05,1586.09,9.8242,186.99,1881.27,1007.17,250.07,43.06,0.172105988,0.693165864,0.138368892,1.294748796,0.128692361,0.006761321,0.029635237
2025-03-12,1452.0,1.088898072,1.0,200.56,200.56,1581.08,9.7896,186.89,1882.01,1010.65,250.43,43.0,0.172472452,0.696039945,0.138126722,1.296150138,0.128712121,0.006742149,0.029614325
2025-03-13,1455.0,1.085347079,1.0,200.77,200.77,1579.18,9.8344,187.21,1884.59,1008.46,250.88,43.2,0.172426117,0.693099656,0.137986254,1.295250859,0.128666667,0.006759038,0.029690722
2025-03-14,1454.5,1.088449639,1.0,201.1,201.1,1583.15,9.788,187.13,1881.18,1012.78,253.15,43.29,0.174046064,0.69630801,0.138260571,1.293351667,0.128655895,0.00672946,0.029762805
2025-03-17,1445.0,1.092249135,1.0,199.91,199.91,1578.3,9.6801,185.98,1876.98,1011.02,254.07,43.04,0.17582699,0.69966782,0.138346021,1.298948097,0.128705882,0.006699031,0.029785467
2025-03-18,1451.8,1.094248519,1.0,200.85,200.85,1588.63,9.7201,186.86,1887.41,1015.28,255.9,43.18,0.176263948,0.699324976,0.138345502,1.300048216,0.128709189,0.006695206,0.029742389
2025-03-19,1458.3,1.090447782,1.0,201.72,201.72,1590.2,9.8096,187.67,1896.3,1017.83,258.24,43.4,0.177082905,0.697956525,0.138325447,1.300349722,0.128690942,0.006726737,0.02976068
2025-03-20,1466.5,1.085802932,1.0,202.23,202.23,1592.33,9.8598,188.68,1901.46,1023.88,258.38,43.52,0.176188203,0.698179339,0.137899761,1.296597341,0.128660075,0.006723355,0.0296761
2025-03-21,1465.5,1.081849198,1.0,202.05,202.05,1585.45,9.7958,188.53,1892.33,1022.18,255.8,43.44,0.174547936,0.697495735,0.137871034,1.291252132,0.128645513,0.006684272,0.02964176
2025-03-24,1467.7,1.08015262,1.0,202.04,202.04,1585.34,9.7386,188.8,1896.34,1024.97,254.77,43.22,0.17358452,0.698351162,0.137657559,1.292048784,0.128636642,0.00663528,0.029447435
2025-03-25,1464.6,1.078799672,1.0,201.57,201.57,1580.01,9.7656,188.37,1895.56,1025.95,256.96,43.32,0.175447221,0.70049843,0.137628021,1.29425099,0.128615322,0.006667759,0.029578042
2025-03-26,1469.0,1.073900613,1.0,201.87,201.87,1577.56,9.7696,188.92,1891.56,1027.38,256.14,43.24,0.174363513,0.699373724,0.137420014,1.287651464,0.128604493,0.006650511,0.02943499
2025-03-27,1466.0,1.079802183,1.0,201.71,201.71,1582.99,9.7054,188.52,1898.1,1024.57,255.38,43.31,0.17420191,0.698888131,0.137592087,1.294747613,0.128594816,0.006620327,0.029542974
2025-03-28,1471.0,1.082148199,1.0,202.35,202.35,1591.84,9.8431,189.1,1902.66,1027.34,255.42,43.35,0.173636982,0.698395649,0.137559483,1.293446635,0.128552005,0.006691434,0.029469748
2025-03-31,1474.0,1.081702849,1.0,202.86,202.86,1594.43,9.8336,189.46,1904.33,1024.18,258.58,43.38,0.175427408,0.694830393,0.137625509,1.291947083,0.1285346,0.00667137,0.029430122
2025-04-01,1471.5,1.079952429,1.0,202.15,202.15,1589.15,9.8241,189.1,1902.28,1029.31,258.98,43.03,0.175997282,0.699497112,0.137376826,1.292748896,0.128508325,0.006676249,0.02924227
2025-04-02,1467.5,1.081301533,1.0,199.73,199.73,1586.81,9.9018,188.55,1905.77,1026.12,259.01,42.62,0.176497445,0.699229983,0.136102215,1.298650767,0.128483816,0.006747394,0.029042589
2025-04-03,1452.2,1.106651976,1.0,199.47,199.47,1607.08,9.9736,186.72,1903.33,1031.1,257.82,42.41,0.177537529,0.710026167,0.137357113,1.310652803,0.128577331,0.006867925,0.029203966
2025-04-04,1461.5,1.098446801,1.0,200.18,200.18,1605.38,10.0526,187.98,1884.82,1027.81,250.08,42.36,0.171111871,0.703256928,0.136968868,1.289647622,0.12862128,0.006878276,0.028983921
2025-04-07,1470.5,1.091649099,1.0,200.19,200.19,1605.27,9.9398,189.29,1872.61,1032.55,248.59,42.37,0.169051343,0.702176131,0.136137368,1.273451207,0.128724923,0.00675947,0.028813329
2025-04-08,1486.5,1.097046754,1.0,200.67,200.67,1630.76,10.1853,191.29,1900.12,1042.65,247.12,42.59,0.166242852,0.701412714,0.134994955,1.278250925,0.12868483,0.006851867,0.028651194
2025-04-09,1454.5,1.095902372,1.0,197.94,197.94,1593.99,9.8717,187.4,1865.47,1032.07,249.95,42.61,0.171845995,0.709570299,0.136088003,1.282550705,0.128841526,0.006787006,0.02929529
2025-04-10,1454.0,1.123149931,1.0,198.93,198.93,1633.06,10.0811,187.41,1888.16,1041.51,247.05,42.93,0.169910591,0.71630674,0.136815681,1.298596974,0.12889271,0.006933356,0.029525447
2025-04-11,1427.2,1.13319787,1.0,195.91,195.91,1617.3,9.9318,184.03,1866.42,1028.32,243.3,42.59,0.170473655,0.720515695,0.137268778,1.307749439,0.128944787,0.006958941,0.029841648
2025-04-14,1422.0,1.135253165,1.0,194.45,194.45,1614.33,9.9375,183.35,1874.27,1023.35,242.87,42.34,0.170794655,0.719655415,0.136744023,1.318052039,0.128938115,0.006988397,0.029774965
2025-04-15,1428.5,1.12940147,1.0,194.97,194.97,1613.35,9.9899,184.15,1890.76,1023.46,242.66,42.57,0.169870494,0.716457823,0.136485824,1.32359818,0.128911446,0.00699328,0.02980049
2025-04-16,1417.0,1.139647142,1.0,194.08,194.08,1614.88,9.9849,182.55,1875.47,1022.33,241.53,42.82,0.170451658,0.721474947,0.13696542,1.323549753,0.128828511,0.007046507,0.030218772
2025-04-17,1419.5,1.13709757,1.0,194.44,194.44,1614.11,9.9687,182.85,1883.18,1025.76,244.24,42.55,0.172060585,0.722620641,0.136977809,1.326650229,0.128812962,0.007022684,0.029975343
2025-04-18,1423.8,1.143552465,1.0,194.99,194.99,1628.19,10.0444,183.43,1894.22,1029.61,245.17,42.62,0.172194128,0.723142295,0.136950414,1.330397528,0.128831297,0.007054643,0.029933979
2025-04-21,1421.5,1.15169891,1.0,194.89,194.89,1637.14,10.0955,183.2,1901.75,1027.06,244.78,42.94,0.172198382,0.722518466,0.137101653,1.337847344,0.128877946,0.007102005,0.030207527
2025-04-22,1432.5,1.133849913,1.0,196.04,196.04,1624.24,10.0147,184.64,1899.14,1034.48,250.37,42.58,0.17477836,0.722150087,0.136851658,1.325752182,0.128893543,0.006991065,0.029724258
2025-04-23,1427.5,1.133751313,1.0,195.87,195.87,1618.43,9.9804,183.97,1894.44,1028.79,250.23,42.49,0.175292469,0.72069352,0.137211909,1.327103327,0.128875657,0.006991524,0.029765324
2025-04-24,1432.0,1.138652235,1.0,196.48,196.48,1630.55,10.0308,184.57,1909.93,1033.79,252.07,42.81,0.176026536,0.721920391,0.137206704,1.33375,0.128889665,0.007004749,0.029895251
2025-04-25,1439.5,1.134998263,1.0,197.4,197.4,1633.83,10.0122,185.57,1914.68,1038.56,253.11,42.91,0.175831886,0.721472734,0.137130948,1.330100729,0.128912817,0.006955332,0.029808961
2025-04-28,1437.0,1.14125261,1.0,197.27,197.27,1639.98,10.1044,185.26,1930.61,1038.9,254.16,43.08,0.176868476,0.722964509,0.137279054,1.343500348,0.128921364,0.007031594,0.029979123
2025-04-29,1434.0,1.139400279,1.0,197.29,197.29,1633.9,10.0808,184.82,1923.14,1037.1,255.14,42.9,0.177921897,0.723221757,0.137580195,1.341101813,0.12888424,0.007029847,0.029916318
2025-04-30,1437.5,1.129697391,1.0,197.52,197.52,1623.94,9.894,185.32,1909.72,1037.79,253.38,42.88,0.176264348,0.72194087,0.137405217,1.32850087,0.128918261,0.006882783,0.029829565
2025-05-02,1382.0,1.134652677,1.0,192.23,192.23,1568.09,9.6539,178.31,1845.59,1003.89,241.84,42.31,0.174992764,0.726403763,0.139095514,1.335448625,0.129023155,0.006985456,0.030615051
2025-05-07,1398.5,1.130096532,1.0,193.47,193.47,1580.44,9.7199,180.22,1858.19,1010.59,243.41,42.48,0.174050769,0.72262424,0.13834108,1.328702181,0.128866643,0.006950232,0.030375402
2025-05-08,1405.3,1.122948837,1.0,194.07,194.07,1578.08,9.6362,180.77,1861.88,1009.52,248.18,42.55,0.176602861,0.718366185,0.138098627,1.324898598,0.128634455,0.006857041,0.030278232
2025-05-09,1399.5,1.122550911,1.0,193.81,193.81,1571.01,9.5919,179.91,1859.8,1004.88,247.7,42.45,0.176991783,0.718027867,0.138485173,1.32890318,0.128553055,0.006853805,0.030332262
2025-05-12,1420.5,1.109102429,1.0,197.31,197.31,1575.48,9.5731,182.32,1871.37,1016.13,250.51,42.49,0.176353397,0.715332629,0.138901795,1.317402323,0.128349173,0.006739247,0.029912003
2025-05-13,1417.5,1.119202822,1.0,196.94,196.94,1586.47,9.62,181.8,1886.2,1017.19,252.54,42.66,0.17815873,0.717594356,0.138934744,1.330652557,0.128253968,0.006786596,0.030095238
2025-05-14,1409.0,1.118452803,1.0,195.43,195.43,1575.9,9.6109,180.54,1869.04,1008.23,249.92,42.19,0.177374024,0.71556423,0.138701207,1.326501065,0.128133428,0.006821079,0.029943222
2025-05-15,1400.0,1.1191,1.0,194.3,194.3,1566.74,9.62,179.37,1862.98,1002.97,246.39,42.1,0.175992857,0.716407143,0.138785714,1.3307,0.128121429,0.006871429,0.030071429
2025-05-16,1399.0,1.119049321,1.0,194.04,194.04,1565.55,9.6393,179.03,1860.88,1002.4,247.01,42.08,0.17656183,0.716511794,0.138699071,1.330150107,0.127969979,0.006890136,0.030078628
2025-05-19,1390.1,1.123652975,1.0,192.7,192.7,1561.99,9.5902,177.74,1856.69,996.24,246.21,41.95,0.177116754,0.716667866,0.138623121,1.335652111,0.127861305,0.006898928,0.030177685
2025-05-20,1394.8,1.128147405,1.0,193.29,193.29,1573.54,9.6596,178.2,1867.78,1002.7,246.08,42.36,0.176426728,0.718884428,0.138579008,1.33910238,0.127760252,0.006925437,0.030369946
2025-05-21,1377.0,1.132098765,1.0,191.22,191.22,1558.9,9.5569,175.85,1846.42,993.08,243.91,42.1,0.177131445,0.721190995,0.138867102,1.340900508,0.127705156,0.006940378,0.030573711
2025-05-22,1383.0,1.128546638,1.0,191.96,191.96,1560.78,9.6138,176.7,1856.61,997.91,241.88,42.14,0.174895155,0.721554591,0.138799711,1.342451193,0.127765727,0.00695141,0.030469993
2025-05-23,1368.0,1.13744883,1.0,190.66,190.66,1556.03,9.5815,174.67,1851.25,996.47,242.27,42.11,0.177097953,0.728413743,0.139371345,1.353252924,0.127682749,0.00700402,0.030782164
2025-05-26,1370.0,1.139350365,1.0,190.85,190.85,1560.91,9.6019,174.83,1858.61,997.63,241.7,42.04,0.176423358,0.72819708,0.139306569,1.356649635,0.127613139,0.007008686,0.030686131
2025-05-27,1376.0,1.133648256,1.0,191.38,191.38,1559.9,9.5433,175.55,1859.46,996.81,244.05,42.02,0.177361919,0.724425872,0.139084302,1.351351744,0.127579942,0.006935538,0.030537791
2025-05-28,1375.0,1.129098182,1.0,191.21,191.21,1552.51,9.4903,175.47,1851.78,993.86,241.66,42.04,0.175752727,0.722807273,0.139061818,1.346749091,0.127614545,0.006902036,0.030574545
2025-05-29,1372.0,1.137303207,1.0,190.85,190.85,1560.38,9.5278,174.98,1851.72,993.73,242.11,42.16,0.176465015,0.724293003,0.139103499,1.349650146,0.127536443,0.006944461,0.030728863
2025-05-30,1383.6,1.13550159,1.0,192.06,192.06,1571.08,9.616,176.45,1862.74,1008.01,241.74,42.16,0.174718127,0.728541486,0.138811795,1.346299509,0.127529633,0.006949986,0.030471234
2025-06-02,1379.0,1.137048586,1.0,191.75,191.75,1567.99,9.5761,175.78,1864.27,1005.21,244.7,42.23,0.177447426,0.728941262,0.139050036,1.351899927,0.127469181,0.006944235,0.03062364
2025-06-04,1363.5,1.142251558,1.0,190.12,190.12,1557.46,9.5527,173.81,1847.95,997.15,242.08,41.84,0.177543088,0.731316465,0.139435277,1.355298863,0.127473414,0.007006014,0.030685735
2025-06-05,1362.7,1.140449108,1.0,189.56,189.56,1554.09,9.4171,173.67,1844.01,994.78,244.96,41.58,0.179760769,0.730006605,0.139106186,1.3532032,0.127445513,0.006910619,0.030512952
2025-06-09,1355.2,1.142052834,1.0,188.64,188.64,1547.71,9.3704,172.69,1836.5,989.38,243.75,41.48,0.179862751,0.730061983,0.139197166,1.355150531,0.127427686,0.006914404,0.030608028
2025-06-10,1367.3,1.14290207,1.0,190.24,190.24,1562.69,9.4349,174.22,1846.33,1000.15,245.28,41.91,0.179390039,0.731478096,0.139135523,1.3503474,0.127419001,0.006900388,0.030651649
2025-06-11,1370.5,1.150747902,1.0,190.44,190.44,1577.1,9.5035,174.62,1859.49,1003.07,247.52,42.03,0.180605618,0.731900766,0.138956585,1.356796789,0.127413353,0.006934331,0.03066764
2025-06-12,1356.4,1.158802713,1.0,189.08,189.08,1571.8,9.4526,172.81,1846.6,997.17,244.95,41.87,0.180588322,0.735159245,0.139398408,1.361397818,0.127403421,0.006968888,0.030868475
2025-06-13,1368.5,1.153248082,1.0,190.43,190.43,1578.22,9.4653,174.35,1853.84,1007.25,246.85,42.23,0.180379978,0.736024845,0.139152357,1.354651078,0.127402265,0.006916551,0.030858604
2025-06-16,1359.0,1.155452539,1.0,189.18,189.18,1570.26,9.3954,173.13,1844.43,1001.29,247.45,41.89,0.182082414,0.7367844,0.139205298,1.357196468,0.127395143,0.006913466,0.030824135
2025-06-17,1379.5,1.147596955,1.0,191.82,191.82,1583.11,9.4883,175.74,1852.39,1007.89,251.09,42.31,0.182015223,0.73061979,0.139050381,1.342798115,0.127393983,0.006878072,0.030670533
2025-06-18,1374.5,1.147697344,1.0,191.09,191.09,1577.51,9.4767,175.11,1844.24,1003.65,250.5,42.1,0.18224809,0.730192797,0.1390251,1.341753365,0.127399054,0.006894653,0.03062932
2025-06-19,1377.8,1.149651619,1.0,191.71,191.71,1583.99,9.4678,175.53,1855.41,1005.73,250.89,42.05,0.182094644,0.729953549,0.139142111,1.346646828,0.127398752,0.006871679,0.030519669
2025-06-20,1376.5,1.148899382,1.0,191.55,191.55,1581.46,9.4036,175.36,1848.43,1001.35,249.68,41.86,0.181387577,0.727460952,0.139157283,1.342847802,0.127395568,0.006831529,0.030410461
2025-06-23,1372.5,1.159948998,1.0,191.27,191.27,1592.03,9.4094,174.85,1859.12,999.71,249.77,41.95,0.181981785,0.728386157,0.139358834,1.354550091,0.127395264,0.006855665,0.030564663
2025-06-24,1359.0,1.160647535,1.0,189.67,189.67,1577.32,9.3753,173.13,1850.01,990.06,246.58,41.64,0.181442237,0.728520971,0.139565857,1.361302428,0.127395143,0.006898675,0.030640177
2025-06-25,1361.0,1.165900073,1.0,189.78,189.78,1586.79,9.3713,173.39,1859.94,991.84,244.86,41.83,0.17991183,0.728758266,0.139441587,1.36659809,0.127398971,0.006885599,0.030734754
2025-06-26,1358.5,1.168251748,1.0,189.73,189.73,1587.07,9.3933,173.07,1863.79,995.46,247.93,41.8,0.18250276,0.732764078,0.139661391,1.371947,0.127397865,0.006914464,0.030769231
2025-06-27,1364.0,1.172947214,1.0,190.27,190.27,1599.9,9.4391,173.77,1871.95,996.31,248.99,41.87,0.182543988,0.730432551,0.139494135,1.372397361,0.127397361,0.006920161,0.030696481
2025-06-30,1354.0,1.178847858,1.0,189.18,189.18,1596.16,9.409,172.49,1859.52,995.11,249.28,41.73,0.184106352,0.734940916,0.13971935,1.373353028,0.12739291,0.00694904,0.030819793
2025-07-01,1358.0,1.180552283,1.0,189.6,189.6,1603.19,9.468,173.02,1866.57,995.16,248.78,41.84,0.183195876,0.73281296,0.139617084,1.374499264,0.127407953,0.006972018,0.030810015
2025-07-02,1356.0,1.179749263,1.0,189.33,189.33,1599.74,9.4406,172.74,1851.35,997.98,249.86,41.9,0.184262537,0.735973451,0.139623894,1.36530236,0.127389381,0.006962094,0.030899705
2025-07-03,1363.5,1.175753575,1.0,190.17,190.17,1603.14,9.4093,173.75,1861.59,1003.64,252.07,42.03,0.18486982,0.736076274,0.139471947,1.36530253,0.12742941,0.006900843,0.030825083
2025-07-04,1366.5,1.178053421,1.0,190.72,190.72,1609.81,9.4571,174.08,1865.68,1004.26,252.07,42.23,0.184463959,0.734914014,0.13956824,1.365298207,0.127391145,0.006920673,0.030903769
2025-07-07,1376.0,1.173597384,1.0,191.74,191.74,1614.87,9.434,175.29,1873.84,1006.47,250.7,42.16,0.182194767,0.731446221,0.13934593,1.361802326,0.127390988,0.006856105,0.030639535
2025-07-08,1371.5,1.172898287,1.0,191.01,191.01,1608.63,9.3563,174.72,1864.49,1003.81,251.74,42.12,0.183550857,0.731906672,0.139270871,1.359453153,0.127393365,0.006821947,0.0307109
2025-07-09,1374.8,1.172497818,1.0,191.41,191.41,1611.95,9.4013,175.14,1868.49,1004.64,246.24,42.08,0.179109689,0.730753564,0.139227524,1.359099505,0.127393075,0.006838304,0.030608088
2025-07-10,1372.5,1.169850638,1.0,191.2,191.2,1605.62,9.3875,174.84,1864.2,1004.94,248.1,42.09,0.180765027,0.732196721,0.139307832,1.358251366,0.127387978,0.006839709,0.030666667
2025-07-11,1379.2,1.166901102,1.0,192.25,192.25,1609.39,9.353,175.7,1860.26,1006.94,247.97,42.51,0.179792633,0.730089907,0.139392401,1.348796404,0.127392691,0.006781468,0.030822216
2025-07-14,1383.2,1.166649798,1.0,192.86,192.86,1613.71,9.3621,176.2,1857.15,1009.34,247.5,42.61,0.178932909,0.729713707,0.139430307,1.342647484,0.127385772,0.006768436,0.030805379
2025-07-15,1387.5,1.160302703,1.0,193.17,193.17,1609.92,9.318,176.77,1857.17,1011.19,249.69,42.59,0.179956757,0.728785586,0.139221622,1.338500901,0.127401802,0.006715676,0.030695495
2025-07-16,1387.0,1.163648161,1.0,193.19,193.19,1613.98,9.3808,176.7,1860.66,1013.37,249.09,42.73,0.179589041,0.730620043,0.139286229,1.34149964,0.12739726,0.006763374,0.030807498
2025-07-17,1391.5,1.161703198,1.0,193.69,193.69,1616.51,9.3811,177.29,1868.85,1012.59,250.77,42.82,0.180215595,0.72769673,0.139195113,1.343047072,0.127409271,0.006741718,0.030772548
2025-07-18,1392.1,1.162502694,1.0,193.91,193.91,1618.32,9.3675,177.38,1866.95,1013.95,249.46,43.0,0.179196897,0.728360032,0.139293154,1.341103369,0.127419007,0.006729042,0.030888586
2025-07-21,1383.3,1.169348659,1.0,192.9,192.9,1617.56,9.3869,176.22,1866.42,1011.07,248.51,42.92,0.179650112,0.730911588,0.139449143,1.349251789,0.127391021,0.006785874,0.031027254
2025-07-22,1381.5,1.174947521,1.0,192.66,192.66,1623.19,9.4207,176.0,1868.89,1015.36,248.24,42.94,0.179688744,0.734969236,0.139457112,1.352797684,0.127397756,0.006819182,0.031082157
2025-07-23,1376.5,1.177399201,1.0,192.46,192.46,1620.69,9.4001,175.36,1869.91,1011.91,249.49,42.81,0.181249546,0.735132583,0.13981838,1.358452597,0.127395568,0.006828987,0.031100618
2025-07-24,1373.7,1.174703356,1.0,192.01,192.01,1613.69,9.3354,175.01,1855.04,1006.63,248.79,42.6,0.181109413,0.732787363,0.139775788,1.350396739,0.127400451,0.006795807,0.031011138
2025-07-25,1384.5,1.1756013,1.0,193.26,193.26,1627.62,9.3664,176.39,1860.14,1010.73,248.99,42.77,0.179841098,0.730032503,0.139588299,1.343546407,0.127403395,0.006765186,0.030892019
2025-07-28,1390.0,1.158697842,1.0,193.53,193.53,1610.59,9.3574,177.07,1856.35,1011.61,248.67,42.76,0.178899281,0.727776978,0.139230216,1.335503597,0.127388489,0.006731942,0.03076259
2025-07-29,1389.0,1.154550036,1.0,193.44,193.44,1603.67,9.3551,176.94,1854.32,1008.46,249.14,42.88,0.179366451,0.726033117,0.139265659,1.3350036,0.127386609,0.006735133,0.03087113
2025-07-30,1393.0,1.142397703,1.0,193.21,193.21,1591.36,9.3293,177.47,1846.28,1007.59,249.78,42.57,0.17931084,0.723323762,0.138700646,1.325398421,0.127401292,0.006697272,0.030559943
2025-07-31,1395.0,1.141749104,1.0,193.47,193.47,1592.74,9.2547,177.72,1842.1,1006.53,249.04,42.6,0.178523297,0.721526882,0.138688172,1.320501792,0.127397849,0.006634194,0.030537634
2025-08-01,1391.0,1.159252336,1.0,193.48,193.48,1612.52,9.4475,177.21,1847.8,1009.1,251.14,42.83,0.18054637,0.725449317,0.139094177,1.328396837,0.127397556,0.006791876,0.030790798
2025-08-04,1386.0,1.157546898,1.0,192.97,192.97,1604.36,9.4305,176.57,1842.06,1006.21,252.12,42.88,0.181904762,0.725981241,0.139227994,1.329047619,0.127395382,0.006804113,0.030937951
2025-08-05,1387.7,1.157303452,1.0,193.03,193.03,1605.99,9.3999,176.78,1844.81,1007.22,252.09,42.87,0.181660301,0.725819702,0.13910067,1.329401167,0.127390646,0.006773726,0.030892844
2025-08-06,1385.5,1.166553591,1.0,192.83,192.83,1616.26,9.4076,176.52,1850.96,1008.37,253.77,42.82,0.183161314,0.727802237,0.139177192,1.33595092,0.127405269,0.00679004,0.03090581
2025-08-07,1385.0,1.167350181,1.0,192.88,192.88,1616.78,9.4301,176.44,1862.69,1008.12,255.72,42.88,0.184635379,0.727884477,0.139263538,1.344902527,0.127393502,0.006808736,0.030960289
2025-08-08,1391.5,1.164549048,1.0,193.57,193.57,1620.47,9.4179,177.27,1870.38,1011.71,256.08,43.05,0.184031621,0.727064319,0.139108875,1.344146604,0.127394898,0.006768164,0.030937837
2025-08-11,1392.5,1.161098743,1.0,193.54,193.54,1616.83,9.3939,177.4,1870.27,1010.56,255.85,42.89,0.183734291,0.725716338,0.138987433,1.343102334,0.127396768,0.006746068,0.030800718
2025-08-12,1385.5,1.167751714,1.0,192.81,192.81,1617.92,9.3745,176.52,1870.63,1006.06,256.46,42.75,0.185102851,0.726134969,0.139162757,1.350147961,0.127405269,0.006766149,0.030855287
2025-08-13,1380.0,1.170753623,1.0,192.17,192.17,1615.64,9.3709,175.82,1873.9,1002.94,255.92,42.71,0.185449275,0.726768116,0.139253623,1.357898551,0.127405797,0.006790507,0.030949275
2025-08-14,1390.0,1.171151079,1.0,193.39,193.39,1627.9,9.4449,177.61,1884.84,1006.19,257.36,42.84,0.185151079,0.723877698,0.139129496,1.356,0.127776978,0.006794892,0.030820144
2025-08-18,1388.8,1.16640265,1.0,193.22,193.22,1619.9,9.3936,177.6,1875.37,1006.34,255.54,42.71,0.184000576,0.724611175,0.139127304,1.350352823,0.127880184,0.006763825,0.030753168
2025-08-19,1393.2,1.164649727,1.0,193.81,193.81,1622.59,9.4374,178.64,1879.57,1004.58,253.08,42.74,0.181653747,0.721059432,0.139111398,1.349102785,0.128222796,0.006773902,0.030677577
2025-08-20,1397.5,1.165502683,1.0,194.6,194.6,1628.79,9.4894,178.89,1880.69,1007.57,255.24,42.93,0.182640429,0.720980322,0.139248658,1.345753131,0.128007156,0.006790268,0.030719141
2025-08-21,1401.5,1.161198716,1.0,195.12,195.12,1627.42,9.4482,179.36,1880.46,1007.87,256.38,42.91,0.182932572,0.719136639,0.139222262,1.341748127,0.127977167,0.006741491,0.030617196
2025-08-22,1385.9,1.171202828,1.0,193.28,193.28,1623.17,9.4253,177.35,1872.97,1001.84,255.54,42.75,0.184385598,0.722880439,0.139461722,1.351446713,0.127967386,0.006800851,0.030846381
2025-08-25,1391.5,1.162400287,1.0,194.38,194.38,1617.48,9.4211,178.13,1872.68,1004.29,257.14,42.86,0.184793388,0.721731944,0.139690981,1.345799497,0.128012936,0.006770464,0.030801294
2025-08-26,1395.0,1.163949821,1.0,195.0,195.0,1623.71,9.4605,179.0,1879.76,1008.13,256.81,43.0,0.18409319,0.722673835,0.139784946,1.347498208,0.128315412,0.00678172,0.030824373
2025-08-27,1394.0,1.164296987,1.0,194.89,194.89,1623.03,9.4679,179.01,1881.9,1011.21,257.28,43.0,0.18456241,0.725401722,0.139806313,1.35,0.128414634,0.006791894,0.030846485
2025-08-28,1385.5,1.167600144,1.0,194.59,194.59,1617.71,9.421,177.73,1871.67,1007.45,255.89,42.92,0.184691447,0.727138217,0.140447492,1.350898593,0.1282786,0.006799711,0.030977986
2025-08-29,1391.5,1.168997485,1.0,195.4,195.4,1626.66,9.4573,178.52,1879.08,1012.66,256.13,43.04,0.184067553,0.727747036,0.140424003,1.35039885,0.128293209,0.006796479,0.03093065
2025-09-01,1393.5,1.171202009,1.0,195.31,195.31,1632.07,9.4696,178.73,1887.77,1013.42,256.22,43.13,0.183867958,0.727247937,0.140157876,1.354696807,0.128259778,0.006795551,0.030950843
2025-09-02,1396.0,1.164247851,1.0,195.58,195.58,1625.29,9.4099,178.85,1869.87,1012.81,255.26,43.14,0.182851003,0.725508596,0.140100287,1.339448424,0.128116046,0.006740616,0.030902579
2025-09-03,1391.0,1.166053199,1.0,194.85,194.85,1621.98,9.3939,178.32,1869.5,1008.37,255.21,43.07,0.183472322,0.724924515,0.14007908,1.343997124,0.128195543,0.006753343,0.030963336
2025-09-04,1394.0,1.16510043,1.0,195.28,195.28,1624.15,9.3878,178.71,1872.7,1008.72,256.01,43.15,0.183651363,0.723615495,0.140086083,1.343400287,0.128199426,0.006734433,0.030954089
2025-09-05,1391.0,1.170647017,1.0,195.14,195.14,1628.37,9.3749,178.38,1876.11,1004.8,256.97,43.33,0.184737599,0.722358016,0.140287563,1.348749101,0.128238677,0.006739684,0.031150252
2025-09-08,1386.5,1.176350523,1.0,194.65,194.65,1631.01,9.4019,177.91,1878.43,1004.71,255.74,43.72,0.184450054,0.724637577,0.14038947,1.354799856,0.128315903,0.006781031,0.031532636
2025-09-09,1390.0,1.171100719,1.0,195.14,195.14,1627.83,9.4295,178.46,1880.25,1004.01,255.81,43.81,0.184035971,0.722309353,0.140388489,1.352697842,0.128388489,0.006783813,0.031517986
2025-09-10,1389.9,1.169997842,1.0,195.28,195.28,1626.18,9.4291,178.42,1880.95,1002.78,257.23,43.76,0.185070868,0.721476365,0.140499316,1.353298798,0.128368947,0.006784013,0.031484279
2025-09-11,1390.4,1.173798907,1.0,195.44,195.44,1632.05,9.4476,178.51,1887.89,1005.13,257.98,43.81,0.185543728,0.722907077,0.140563867,1.35780351,0.128387514,0.006794879,0.031508918
2025-09-12,1394.0,1.173350072,1.0,195.66,195.66,1635.65,9.4396,179.17,1889.99,1006.75,260.35,43.96,0.186764706,0.722202296,0.14035868,1.355803443,0.128529412,0.006771593,0.031535151
2025-09-15,1386.5,1.176249549,1.0,194.76,194.76,1630.87,9.4048,178.22,1886.4,1006.5,260.55,43.59,0.187919221,0.725928597,0.140468806,1.360548143,0.128539488,0.006783123,0.031438875
2025-09-16,1379.8,1.186548775,1.0,194.22,194.22,1637.2,9.4207,177.35,1883.63,1004.18,260.43,43.55,0.188744746,0.727772141,0.14075953,1.365147123,0.128533121,0.006827584,0.031562545
2025-09-17,1381.0,1.181947864,1.0,194.51,194.51,1632.27,9.4045,177.56,1882.3,1002.87,260.04,43.43,0.188298335,0.726191166,0.140847212,1.362997828,0.128573497,0.00680992,0.031448226
2025-09-18,1388.5,1.178451566,1.0,195.33,195.33,1636.28,9.3833,178.52,1881.56,1006.56,261.45,43.51,0.188296723,0.724926179,0.14067699,1.355102629,0.1285704,0.006757868,0.031335974
2025-09-19,1399.0,1.174002859,1.0,196.58,196.58,1642.43,9.453,179.94,1884.45,1015.09,262.55,43.93,0.187669764,0.725582559,0.140514653,1.346997856,0.128620443,0.006756969,0.031401001
2025-09-22,1392.0,1.180352011,1.0,195.62,195.62,1643.05,9.4255,179.15,1881.5,1007.16,260.89,43.83,0.187420977,0.723534483,0.140531609,1.351652299,0.128699713,0.006771193,0.031487069
2025-09-23,1395.5,1.181497671,1.0,196.18,196.18,1648.78,9.4543,179.47,1887.2,1008.64,264.18,43.79,0.189308492,0.722780365,0.140580437,1.352346829,0.128606234,0.006774848,0.031379434
2025-09-24,1405.0,1.174298932,1.0,196.86,196.86,1649.89,9.4406,180.62,1889.87,1011.05,263.53,43.77,0.187565836,0.719608541,0.140113879,1.345103203,0.12855516,0.006719288,0.031153025
2025-09-25,1409.0,1.166749468,1.0,197.23,197.23,1643.95,9.4052,181.02,1880.03,1010.72,262.78,43.76,0.186501065,0.717331441,0.139978708,1.334300923,0.128474095,0.006675089,0.031057488
2025-09-26,1410.5,1.170450195,1.0,197.52,197.52,1650.92,9.437,181.31,1890.7,1011.73,263.64,43.74,0.186912442,0.717284651,0.140035448,1.34044665,0.12854307,0.006690535,0.03101028
2025-09-29,1400.5,1.172702606,1.0,196.44,196.44,1642.37,9.4243,179.92,1881.08,1006.43,263.2,43.46,0.187932881,0.718621921,0.140264191,1.343148875,0.128468404,0.00672924,0.031031774
2025-09-30,1406.0,1.173449502,1.0,197.24,197.24,1649.87,9.5042,180.66,1890.3,1010.09,264.2,43.33,0.187908962,0.71841394,0.140284495,1.344452347,0.128492176,0.006759744,0.030817923
2025-10-01,1403.5,1.173501959,1.0,196.97,196.97,1647.01,9.5473,180.37,1891.92,1007.07,263.34,43.31,0.187630923,0.71754186,0.140342002,1.348001425,0.128514428,0.006802494,0.030858568
2025-10-02,1424.7,1.156250439,1.0,199.6,199.6,1647.31,9.3084,183.09,1895.14,1016.08,265.17,43.48,0.186123394,0.713188741,0.14009967,1.33020285,0.128511266,0.006533586,0.030518706
2025-10-10,1436.0,1.159651811,1.0,201.05,201.05,1665.26,9.4427,184.52,1916.34,1026.01,259.78,43.95,0.180905292,0.714491643,0.140006964,1.334498607,0.128495822,0.006575696,0.03060585
2025-10-13,1427.0,1.157098809,1.0,199.93,199.93,1651.18,9.3712,183.43,1902.83,1016.74,261.07,43.79,0.182950245,0.712501752,0.140105116,1.333447793,0.128542397,0.006567064,0.030686755
2025-10-14,1430.5,1.160503321,1.0,200.33,200.33,1660.1,9.4233,184.01,1905.5,1018.73,260.87,43.79,0.18236281,0.712149598,0.140041943,1.33205173,0.128633345,0.006587417,0.030611674
2025-10-15,1422.5,1.164850615,1.0,199.55,199.55,1657.0,9.4293,182.96,1907.07,1012.96,261.01,43.76,0.183486819,0.712098418,0.140281195,1.340646749,0.128618629,0.006628682,0.030762742
2025-10-16,1418.5,1.169502996,1.0,199.12,199.12,1658.94,9.4409,182.54,1906.53,1009.68,260.51,43.62,0.183651745,0.711794149,0.140373634,1.344046528,0.128685231,0.006655552,0.030750793
2025-10-17,1423.8,1.165697429,1.0,199.79,199.79,1659.72,9.4413,183.31,1911.95,1016.02,263.45,43.38,0.18503301,0.713597415,0.140321674,1.342850119,0.128747015,0.006631058,0.030467762
2025-10-20,1422.0,1.164353024,1.0,199.61,199.61,1655.71,9.4335,183.06,1906.33,1012.93,264.58,43.65,0.186061885,0.712327707,0.140372714,1.34059775,0.128734177,0.006633966,0.030696203
2025-10-21,1432.0,1.160251397,1.0,200.94,200.94,1661.48,9.4276,184.25,1914.37,1021.22,265.98,43.57,0.185740223,0.713142458,0.140321229,1.336850559,0.128666201,0.00658352,0.030425978
2025-10-22,1432.8,1.161453099,1.0,201.08,201.08,1664.13,9.4366,184.37,1914.08,1024.2,265.17,43.7,0.185071189,0.714824121,0.140340592,1.335901731,0.128678113,0.006586125,0.030499721
2025-10-23,1437.5,1.16189913,1.0,201.77,201.77,1670.23,9.421,184.96,1915.76,1027.41,267.02,43.85,0.185753043,0.71472,0.140361739,1.332702609,0.128667826,0.006553739,0.030504348
2025-10-24,1439.7,1.162901993,1.0,202.34,202.34,1674.23,9.4021,185.3,1917.75,1028.87,267.09,44.02,0.185517816,0.714641939,0.140543169,1.332048343,0.12870737,0.006530597,0.030575814
2025-10-27,1433.5,1.164701779,1.0,201.66,201.66,1669.6,9.3809,184.54,1911.79,1024.81,266.71,43.85,0.18605511,0.714900593,0.140676666,1.333651901,0.128733868,0.006544053,0.030589466
2025-10-28,1434.5,1.165346811,1.0,202.15,202.15,1671.69,9.431,184.63,1904.37,1028.5,267.71,44.34,0.186622517,0.716974556,0.140920181,1.327549669,0.128706867,0.006574416,0.030909725
2025-10-29,1427.5,1.16014711,1.0,201.13,201.13,1656.11,9.3478,183.69,1883.59,1023.33,266.22,44.03,0.18649387,0.716868651,0.140896673,1.319502627,0.12867951,0.006548371,0.030844133
2025-10-30,1430.5,1.156050332,1.0,201.17,201.17,1653.73,9.2856,184.12,1881.39,1022.99,265.74,44.16,0.185767214,0.715127578,0.140629151,1.315197483,0.128710241,0.006491157,0.030870325
2025-10-31,1431.2,1.153200112,1.0,200.96,200.96,1650.46,9.2887,184.17,1879.31,1021.26,266.24,44.19,0.186025713,0.713569033,0.140413639,1.313100894,0.128682225,0.006490148,0.030876188
2025-11-03,1431.0,1.151851852,1.0,200.8,200.8,1648.3,9.2799,184.1,1880.05,1018.11,267.01,44.08,0.186589797,0.711467505,0.140321454,1.313801537,0.128651293,0.006484906,0.030803634
2025-11-04,1444.0,1.147901662,1.0,202.39,202.39,1657.57,9.3971,185.74,1880.23,1024.15,267.43,44.31,0.185200831,0.709245152,0.14015928,1.302098338,0.128628809,0.006507687,0.030685596
2025-11-05,1441.0,1.149000694,1.0,202.11,202.11,1655.71,9.3505,185.34,1880.36,1021.44,268.74,44.39,0.186495489,0.708841083,0.140256766,1.304899375,0.128619015,0.006488897,0.030804997
2025-11-06,1449.0,1.154603175,1.0,203.45,203.45,1673.02,9.4653,186.37,1902.83,1026.46,270.78,44.69,0.186873706,0.708391994,0.140407177,1.313202208,0.128619738,0.006532298,0.03084196
2025-11-07,1460.0,1.155849315,1.0,204.88,204.88,1687.54,9.4981,187.73,1921.36,1038.74,273.8,45.07,0.187534247,0.711465753,0.140328767,1.316,0.128582192,0.006505548,0.030869863
2025-11-10,1456.8,1.156397584,1.0,204.56,204.56,1684.64,9.457,187.41,1920.5,1039.49,274.78,45.07,0.188618891,0.713543383,0.140417353,1.318300384,0.128644975,0.006491625,0.030937672
2025-11-11,1461.8,1.158646874,1.0,205.26,205.26,1693.71,9.4845,188.08,1924.61,1043.47,277.24,45.06,0.189656588,0.713825421,0.140415926,1.316602818,0.128663292,0.006488234,0.03082501
2025-11-12,1469.5,1.15899966,1.0,206.61,206.61,1703.15,9.4966,189.09,1929.67,1049.76,277.76,45.44,0.189016672,0.71436543,0.140598843,1.313147329,0.128676421,0.00646247,0.030922082
2025-11-13,1471.0,1.163650578,1.0,207.26,207.26,1711.73,9.5213,189.28,1939.95,1048.43,277.63,45.48,0.188735554,0.712732835,0.140897349,1.318796737,0.128674371,0.006472672,0.030917743
2025-11-14,1455.5,1.162246651,1.0,205.09,205.09,1691.65,9.4195,187.25,1916.6,1037.83,274.8,44.92,0.188801099,0.713040192,0.140906905,1.316798351,0.128649948,0.006471659,0.030862247
2025-11-17,1462.5,1.159152137,1.0,205.76,205.76,1695.26,9.4191,188.11,1923.99,1040.52,274.42,45.07,0.187637607,0.711466667,0.140690598,1.315548718,0.128622222,0.00644041,0.030817094
2025-11-18,1461.0,1.158199863,1.0,205.45,205.45,1692.13,9.3961,187.67,1921.14,1044.5,274.51,45.09,0.187891855,0.714921287,0.140622861,1.314948665,0.128453114,0.00643128,0.030862423
2025-11-19,1469.5,1.153902688,1.0,206.47,206.47,1695.66,9.3545,188.62,1919.09,1046.17,275.66,45.28,0.187587615,0.711922423,0.140503573,1.305947601,0.128356584,0.006365771,0.030813202
2025-11-20,1475.0,1.152901695,1.0,207.23,207.23,1700.53,9.3686,189.49,1928.64,1046.25,276.56,45.49,0.187498305,0.709322034,0.140494915,1.307552542,0.128467797,0.006351593,0.030840678
2025-11-21,1472.0,1.151752717,1.0,207.19,207.19,1695.38,9.4121,189.11,1929.06,1044.6,272.39,45.4,0.185047554,0.709646739,0.140754076,1.310502717,0.128471467,0.00639409,0.030842391
2025-11-24,1475.2,1.152399675,1.0,207.61,207.61,1700.02,9.4037,189.57,1933.91,1045.76,273.77,45.57,0.185581616,0.708893709,0.14073346,1.310947668,0.12850461,0.006374525,0.030890727
2025-11-25,1466.2,1.157099986,1.0,207.02,207.02,1696.54,9.3993,188.57,1931.35,1040.01,272.45,45.44,0.185820488,0.709323421,0.141194926,1.31724867,0.128611376,0.006410653,0.030991679
2025-11-26,1470.5,1.159551173,1.0,208.02,208.02,1705.12,9.3989,189.05,1947.02,1047.1,275.77,45.6,0.187534852,0.712070724,0.141462088,1.324053043,0.128561714,0.006391635,0.031009861
2025-11-27,1463.0,1.159651401,1.0,206.81,206.81,1696.57,9.3599,188.08,1936.57,1042.69,273.12,45.39,0.186684894,0.712706767,0.141360219,1.323697881,0.128557758,0.006397744,0.03102529
2025-11-28,1470.5,1.159347161,1.0,207.93,207.93,1704.82,9.419,188.87,1945.1,1052.01,275.54,45.8,0.187378443,0.715409725,0.141400884,1.322747365,0.128439306,0.006405304,0.031145869
2025-12-01,1470.9,1.160901489,1.0,207.98,207.98,1707.57,9.4601,188.86,1943.43,1050.76,274.59,45.92,0.186681623,0.714365355,0.141396424,1.321252295,0.12839758,0.006431505,0.031218982
2025-12-02,1469.5,1.162198027,1.0,207.95,207.95,1707.85,9.428,188.77,1940.99,1051.67,275.81,45.89,0.18768969,0.715665192,0.141510718,1.320850629,0.128458659,0.006415788,0.031228309
2025-12-03,1467.0,1.166802999,1.0,207.82,207.82,1711.7,9.4496,188.47,1958.45,1051.69,276.22,45.96,0.188289025,0.716898432,0.141663258,1.335003408,0.128473074,0.006441445,0.031329243
2025-12-04,1475.0,1.164250847,1.0,208.61,208.61,1717.27,9.5097,189.54,1965.95,1056.78,277.62,46.09,0.188216949,0.716461017,0.141430508,1.332847458,0.128501695,0.006447254,0.031247458
2025-12-05,1475.0,1.164149153,1.0,208.67,208.67,1717.12,9.5017,189.47,1965.95,1066.44,271.16,46.27,0.183837288,0.723010169,0.141471186,1.332847458,0.128454237,0.006441831,0.031369492
2025-12-08,1469.5,1.164048996,1.0,207.82,207.82,1710.57,9.4271,188.86,1958.55,1060.9,270.75,46.07,0.184246342,0.72194624,0.141422252,1.332800272,0.128519905,0.006415175,0.0313508
2025-12-09,1470.8,1.162652978,1.0,208.3,208.3,1710.03,9.3762,189.0,1955.72,1061.83,270.69,46.23,0.184042698,0.721940441,0.141623606,1.329698123,0.128501496,0.006374898,0.031431874
2025-12-10,1466.6,1.16930315,1.0,207.67,207.67,1714.9,9.4028,188.49,1962.38,1063.25,268.03,46.12,0.182756034,0.724976135,0.141599618,1.338047184,0.128521751,0.006411291,0.031446884
2025-12-11,1472.5,1.174546689,1.0,208.86,208.86,1729.52,9.4679,189.22,1972.27,1069.16,272.23,46.55,0.184876061,0.72608489,0.141840407,1.339402377,0.128502547,0.006429813,0.031612903
2025-12-12,1476.4,1.17363858,1.0,209.4,209.4,1732.76,9.4806,189.7,1976.27,1073.42,273.17,46.69,0.185024384,0.727052289,0.141831482,1.338573557,0.128488215,0.006421431,0.031624221
2025-12-15,1470.8,1.1751971716072886,1.0,209.4,208.83,1728.48,9.475,189.0,1966.9,1067.96,271.63,46.75,0.1846818058199619,0.7261082404133805,0.1419839543105792,1.337299428882241,0.128501495784607,0.0064420723415828,0.0317854228991025
2025-12-16,1474.5,1.1753001017293998,1.0,209.4,209.64,1732.98,9.528,189.51,1980.4,1072.32,269.66,46.92,0.1828823329942353,0.7272431332655137,0.1421770091556459,1.3430993557138011,0.1285249237029501,0.0064618514750762,0.031820956256358
2025-12-17,1479.9,1.1714980741942025,1.0,209.4,210.17,1733.7,9.5146,190.22,1971.82,1074.06,268.62,46.97,0.1815122643421853,0.7257652544090816,0.142016352456247,1.3324008378944523,0.1285357118724238,0.0064292181904182,0.0317386309885803
2025-12-18,1476.5,1.1723467660006772,1.0,209.4,209.94,1730.97,9.4879,189.77,1975.7,1071.29,267.25,47.0,0.1810023704707077,0.7255604470030477,0.1421876058245851,1.3380968506603454,0.1285269217744666,0.0064259397223162,0.0318320352184219
2025-12-19,1481.0,1.1717488183659688,1.0,209.4,210.53,1735.36,9.4065,190.29,1980.69,1074.55,268.79,47.14,0.1814922349763673,0.725557056043214,0.1421539500337609,1.337400405131668,0.128487508440243,0.0063514517218095,0.0318298446995273
2025-12-22,1480.8,1.1760467314964884,1.0,209.4,210.58,1741.49,9.4306,190.33,1993.6,1076.87,264.83,47.55,0.1788425175580767,0.7272217720151269,0.1422069151809832,1.3462992976769317,0.1285318746623447,0.0063685845488924,0.032111021069692
2025-12-23,1481.7,1.1799014645339811,1.0,209.4,211.21,1748.26,9.5036,190.51,2002.59,1081.77,264.99,47.64,0.1788418708240534,0.7300870621583316,0.1425457245056354,1.351548896537761,0.128575285145441,0.0064139839373692,0.0321522575420125
2025-12-24,1449.7,1.177698834241567,1.0,209.4,207.17,1707.31,9.3058,186.43,1958.62,1060.23,262.58,46.66,0.1811271297509829,0.7313444160860868,0.1429054287093881,1.351051941781058,0.1285990204869973,0.0064191211974891,0.0321859695109332
2025-12-26,1444.0,1.1789473684210527,1.0,209.4,206.22,1702.4,9.2354,185.81,1951.64,1057.88,260.55,46.57,0.1804362880886426,0.7326038781163435,0.1428116343490304,1.3515512465373962,0.1286772853185595,0.0063957063711911,0.0322506925207756
2025-12-29,1437.2,1.176551628165878,1.0,209.4,205.24,1690.94,9.1919,184.88,1937.63,1049.47,258.87,45.63,0.1801210687447815,0.7302184803785138,0.142805455051489,1.3481978847759533,0.1286390203172836,0.0063956999721681,0.0317492346228778
2025-12-30,1441.0,1.1747467036780013,1.0,209.4,206.1,1692.81,9.2109,185.23,1940.38,1052.17,262.9,45.81,0.182442748091603,0.7301665510062457,0.1430256766134628,1.3465510062456627,0.1285426786953504,0.0063920194309507,0.0317904233171408
2025-12-31,1447.0,1.1746026261230131,1.0,209.4,207.38,1699.65,9.2354,185.93,1949.62,1054.59,264.16,45.93,0.182557014512785,0.7288113337940566,0.143317208016586,1.3473531444367657,0.1284934346924671,0.0063824464409122,0.0317415342087076
2026-01-02,1446.0,1.1717496542185335,1.0,209.4,207.45,1694.35,9.2175,185.61,1945.38,1052.94,266.54,45.96,0.18432918395574,0.7281742738589212,0.1434647302904564,1.3453526970954357,0.1283609958506224,0.0063744813278008,0.0317842323651452
2026-01-05,1446.8,1.1720970417473044,1.0,209.4,207.17,1695.79,9.2489,185.84,1959.4,1050.58,267.54,46.19,0.18491844069671,0.7261404478849875,0.1431918717168924,1.354299142936135,0.1284489908764169,0.0063926596627038,0.031925628974288
2026-01-06,1449.0,1.169247757073844,1.0,209.4,207.56,1694.24,9.2538,186.05,1956.87,1049.81,269.65,46.42,0.1860938578329882,0.7245065562456866,0.1432436162870945,1.3504968944099378,0.1283988957902001,0.0063863354037267,0.0320358868184955
2026-01-07,1450.5,1.1677973112719753,1.0,209.4,207.44,1693.89,9.2574,186.27,1952.59,1046.73,269.17,46.28,0.1855704929334712,0.7216339193381592,0.1430127542226818,1.3461496035849707,0.1284177869700103,0.0063822130299896,0.0319062392278524
2026-01-08,1453.0,1.1660495526496903,1.0,209.4,208.1,1694.27,9.2633,186.47,1951.89,1048.08,269.67,46.19,0.1855953200275292,0.7213214039917412,0.1432209222298692,1.343351686166552,0.1283344803854095,0.0063752924982794,0.0317894012388162
2026-01-09,1459.9,1.1635522981026098,1.0,209.4,209.25,1698.67,9.2472,187.3,1957.29,1049.49,272.08,46.52,0.1863689293787245,0.7188780053428316,0.1433317350503459,1.3407014179053358,0.1282964586615521,0.006334132474827,0.0318651962463182
2026-01-12,1468.0,1.1667983651226157,1.0,209.4,210.62,1712.86,9.285,188.3,1976.88,1057.83,273.08,47.02,0.1860217983651226,0.7205926430517711,0.1434741144414169,1.346648501362398,0.1282697547683924,0.0063249318801089,0.0320299727520436
2026-01-13,1478.5,1.1644978018261751,1.0,209.4,212.01,1721.71,9.2891,189.53,1985.11,1064.47,275.18,46.94,0.1861210686506594,0.7199661819411566,0.1433953331078796,1.3426513358133243,0.1281907338518769,0.0062827866080486,0.0317483936422049
2026-01-14,1475.4,1.164599430662871,1.0,209.4,211.62,1718.25,9.3019,189.26,1984.61,1063.23,274.65,46.94,0.1861529076860512,0.7206384709231395,0.143432289548597,1.3451335231123762,0.1282770774027382,0.0063046631421987,0.0318151009895621
2026-01-15,1470.3,1.1608991362307013,1.0,209.4,211.15,1706.87,9.2696,188.57,1967.26,1058.34,273.89,46.8,0.1862817112153982,0.7198122832075087,0.1436101475889274,1.3379990478133714,0.1282527375365571,0.0063045636944841,0.0318302387267904
2026-01-16,1475.5,1.1601491019993222,1.0,209.4,211.78,1711.8,9.3354,189.24,1974.66,1060.33,274.75,46.94,0.1862080650626906,0.7186241951880717,0.1435310064384954,1.3382988817350052,0.1282548288715689,0.006326940020332,0.0318129447644866
2026-01-19,1474.5,1.1644014920311971,1.0,209.4,211.95,1716.91,9.3243,189.12,1979.88,1063.28,274.85,47.18,0.1864021702271956,0.7211122414377755,0.1437436419125127,1.3427466937945067,0.1282604272634791,0.0063237029501525,0.0319972872160054
2026-01-20,1479.8,1.1719016083254494,1.0,209.4,212.72,1734.18,9.3537,189.73,1988.19,1070.03,275.28,47.67,0.186025138532234,0.7230909582375997,0.1437491552912556,1.343553182862549,0.1282132720637924,0.0063209217461819,0.0322138126773888
2026-01-21,1467.7,1.1686516318048648,1.0,209.4,210.9,1715.23,9.2716,188.23,1971.12,1060.94,276.06,47.01,0.1880902091708114,0.7228588948695237,0.1436942154391224,1.342999250528037,0.128248279621176,0.0063170947741364,0.0320297063432581
2026-01-22,1465.0,1.175098976109215,1.0,209.4,210.36,1721.52,9.2517,187.91,1977.75,1062.63,277.26,47.16,0.1892559726962457,0.725344709897611,0.1435904436860068,1.35,0.1282662116040955,0.0063151535836177,0.0321911262798634
2026-01-23,1455.3,1.1873015873015875,1.0,209.4,209.55,1727.88,9.431,186.66,1990.56,1062.3,275.11,46.97,0.1890400604686319,0.7299525870954442,0.1439909297052154,1.3678004535147392,0.1282622139764997,0.006480450766165,0.0322751322751322
2026-01-26,1448.0,1.1877486187845303,1.0,209.4,208.38,1719.86,9.3913,185.7,1980.65,1056.24,274.16,46.47,0.1893370165745856,0.7294475138121547,0.1439088397790055,1.3678522099447514,0.1282458563535911,0.0064857044198895,0.032092541436464
2026-01-27,1435.5,1.204151863462208,1.0,209.4,207.09,1728.56,9.4255,184.06,1987.52,1057.38,276.85,46.43,0.1928596307906653,0.7365935214211077,0.1442633228840125,1.3845489376523858,0.1282201323580634,0.0065660048763497,0.0323441309648206
2026-01-28,1433.5,1.195598186257412,1.0,209.4,206.45,1713.89,9.3455,183.74,1978.73,1057.19,275.97,46.13,0.1925148238576909,0.7374886641088246,0.1440181374258807,1.3803487966515522,0.1281757935123822,0.0065193582141611,0.0321799790722009
2026-01-29,1435.0,1.196752613240418,1.0,209.4,206.63,1717.34,9.3711,183.84,1980.87,1062.84,276.48,45.93,0.1926689895470383,0.7406550522648083,0.143993031358885,1.380397212543554,0.1281114982578397,0.0065303832752613,0.0320069686411149
2026-01-30,1452.0,1.1849999999999998,1.0,209.4,208.69,1720.62,9.3814,185.83,1987.72,1066.35,276.17,45.99,0.1901997245179063,0.7344008264462809,0.1437258953168044,1.3689531680440772,0.1279820936639118,0.0064610192837465,0.0316735537190082
2026-02-02,1453.5,1.1786033711730306,1.0,209.4,209.37,1713.1,9.3386,186.1,1986.43,1062.5,276.29,46.04,0.1900859993120055,0.7309941520467836,0.1440454076367389,1.366652906776746,0.1280357757137943,0.0064249054007567,0.0316752665978672
2026-02-03,1451.0,1.1817022742935908,1.0,209.4,209.23,1714.65,9.3171,185.72,1986.93,1063.9,276.95,45.8,0.190868366643694,0.7332184700206754,0.144197105444521,1.3693521709166092,0.1279944865609924,0.0064211578221915,0.0315644383184011
2026-02-04,1460.5,1.1803971242725095,1.0,209.4,210.38,1723.97,9.3064,186.95,1993.51,1068.44,278.47,46.04,0.1906675795960287,0.7315576857240671,0.1440465593974666,1.3649503594659362,0.1280041081821294,0.00637206436152,0.0315234508729887
2026-02-05,1469.0,1.1781484002722942,1.0,209.4,211.69,1730.7,9.3543,188.01,1988.44,1071.72,278.66,46.2,0.1896936691626957,0.7295575221238938,0.1441048332198774,1.3536010891763104,0.1279850238257318,0.0063678012253233,0.0314499659632403
2026-02-06,1465.5,1.1814466052541794,1.0,209.4,211.49,1731.41,9.3124,187.56,1993.37,1072.64,280.91,46.52,0.1916820197884681,0.7319276697372911,0.1443125213237802,1.360197884680996,0.1279836233367451,0.0063544182872739,0.0317434322756738
2026-02-09,1459.5,1.1911476533059266,1.0,209.4,211.04,1738.48,9.3621,186.76,1998.57,1075.73,281.03,46.9,0.1925522439191503,0.7370537855429942,0.1445974648852346,1.3693525179856114,0.1279616306954436,0.0064145940390544,0.0321342925659472
2026-02-10,1459.0,1.1893488690884166,1.0,209.4,211.07,1735.26,9.4492,186.62,1990.29,1076.63,280.73,46.73,0.1924126113776559,0.7379232350925292,0.1446675805346127,1.3641466758053462,0.1279095270733379,0.006476490747087,0.0320287868403015
2026-02-11,1448.0,1.187299723756906,1.0,209.4,209.6,1719.21,9.4569,185.23,1973.19,1066.86,279.36,46.66,0.1929281767955801,0.7367817679558011,0.1447513812154696,1.362700276243094,0.127921270718232,0.0065310082872928,0.0322237569060773
2026-02-12,1442.5,1.1868006932409012,1.0,209.4,209.12,1711.96,9.4432,184.55,1964.61,1059.38,276.77,46.46,0.1918682842287694,0.7344055459272097,0.1449705372616984,1.361948006932409,0.1279376083188908,0.0065464124783362,0.0322079722703639
2026-02-13,1445.5,1.1841023867173988,1.0,209.4,209.96,1711.62,9.4598,184.96,1964.29,1059.09,276.68,46.28,0.1914078173642338,0.7326807333102732,0.1452507782774126,1.3589000345901072,0.1279557246627464,0.0065443099273607,0.03201660325147
2026-02-19,1451.0,1.1774017918676776,1.0,209.4,210.27,1708.41,9.3661,185.68,1953.77,1060.48,278.46,46.57,0.1919090282563749,0.7308614748449346,0.14491385251550656,1.346498966230186,0.12796691936595453,0.006454927636113025,0.03209510682288077
2026-02-20,1448.0,1.1795027624309393,1.0,209.4,209.92,1707.92,9.3449,185.3,1954.44,1058.83,279.71,46.62,0.19316988950276243,0.7312361878453039,0.14497237569060772,1.3497513812154696,0.12796961325966852,0.006453660220994476,0.03219613259668508
2026-02-23,1446.0,1.1789004149377593,1.0,209.4,209.88,1704.69,9.3477,184.92,1950.51,1055.44,279.84,46.65,0.19352697095435684,0.7299031811894883,0.14514522821576764,1.3489004149377593,0.1278838174273859,0.0064645228215767635,0.03226141078838174
2026-02-24,1442.5,1.1774003466204506,1.0,209.4,209.68,1698.4,9.2575,184.39,1946.58,1052.96,279.88,46.43,0.19402426343154247,0.7299549393414212,0.1453587521663778,1.3494488734835355,0.1278266897746967,0.006417677642980936,0.032187175043327555
2026-02-25,1427.5,1.1808966725043784,1.0,209.4,208.3,1685.73,9.1351,182.55,1935.12,1043.99,278.53,45.93,0.19511733800350262,0.7313415061295973,0.14591943957968478,1.355600700525394,0.12788091068301227,0.006399369527145359,0.03217513134851138
2026-02-26,1432.5,1.1798534031413612,1.0,209.4,209.3,1690.14,9.176499999999999,183.11,1931.01,1047.11,278.81,46.06,0.19463176265270507,0.7309668411867364,0.146108202443281,1.348,0.12782547993019197,0.006405933682373472,0.032153577661431065
2026-02-27,1466.5,1.1687009887487214,1.0,209.4,212.54,1713.9,9.3173,187.49,1965.7,1072.36,283.56,46.7,0.1933583361745653,0.7312376406409818,0.14493010569382883,1.3404023184452778,0.12784861916126833,0.006353426525741561,0.031844527787248555
2026-03-03,1480.0,1.1611013513513513,1.0,209.4,213.84,1718.43,9.3828,189.63,1976.91,1081.83,280.44,46.81,0.18948648648648647,0.7309662162162162,0.1444864864864865,1.33575,0.12812837837837837,0.0063397297297297294,0.03162837837837838
2026-03-04,1463.5,1.1642500854116844,1.0,209.4,212.34,1703.88,9.319600000000001,187.2,1958.09,1073.1,280.08,46.39,0.19137683635121283,0.733242227536727,0.14509053638537753,1.337950119576358,0.12791253843525793,0.006368021865391186,0.03169798428425009
2026-03-05,1479.0,1.1604530087897227,1.0,209.4,213.81,1716.31,9.3866,189.14,1975.28,1081.58,280.94,46.53,0.1899526707234618,0.7312914131169709,0.14456389452332657,1.3355510480054091,0.12788370520622042,0.006346585530764029,0.0314604462474645
2026-03-06,1485.0,1.1535488215488214,1.0,209.4,214.7,1713.02,9.3788,189.83,1978.39,1093.0,283.15,46.46,0.19067340067340066,0.736026936026936,0.14457912457912458,1.3322491582491582,0.12783164983164985,0.006315690235690236,0.031286195286195286
2026-03-09,1467.5,1.1628483816013628,1.0,209.4,213.16,1706.48,9.298,187.66,1970.71,1080.75,284.09,46.29,0.19358773424190798,0.7364565587734242,0.14525383304940376,1.3429028960817717,0.12787734241908005,0.0063359454855195915,0.031543441226575805
2026-03-10,1475.5,1.1602982039986445,1.0,209.4,214.43,1712.02,9.3286,188.59,1978.72,1086.2,285.71,46.71,0.19363605557438154,0.736157234835649,0.14532700779396815,1.3410504913588615,0.12781430023720772,0.006322331413080312,0.03165706540155879
2026-03-11,1479.0,1.1550980392156864,1.0,209.4,214.99,1708.39,9.3028,189.0,1980.38,1087.74,286.81,46.36,0.19392156862745097,0.7354563894523327,0.14536173089925625,1.338999323867478,0.12778904665314403,0.006289925625422583,0.03134550371872887
2026-03-12,1491.0,1.151797451374916,1.0,209.4,216.66,1717.33,9.3594,190.5,1990.11,1092.87,284.08,46.39,0.19052984574111334,0.7329778672032192,0.1453118712273642,1.334748490945674,0.12776659959758552,0.006277263581488934,0.031113346747149564
2026-03-13,1499.0,1.1416477651767845,1.0,209.4,217.09,1711.33,9.3846,191.5,1982.58,1092.69,281.25,46.19,0.18762508338892595,0.728945963975984,0.14482321547698465,1.3226017344896597,0.1277518345563709,0.006260573715810541,0.030813875917278185
2026-03-16,1491.5,1.150646999664767,1.0,209.4,216.48,1716.19,9.3764,190.49,1987.2,1089.92,284.99,46.16,0.19107609788803218,0.7307542742205834,0.1451424740194435,1.3323499832383507,0.12771706335903454,0.006286557157224271,0.03094870935300033
2026-03-17,1488.0,1.1539516129032257,1.0,209.4,216.19,1717.08,9.3582,189.89,1987.22,1086.96,286.27,46.04,0.19238575268817204,0.7304838709677419,0.14528897849462366,1.335497311827957,0.12761424731182794,0.006289112903225806,0.030940860215053764
2026-03-18,1505.0,1.1456013289036546,1.0,209.4,218.02,1724.13,9.4136,191.98,1995.48,1095.9,286.21,45.9,0.19017275747508305,0.7281727574750831,0.14486378737541528,1.3259003322259135,0.12756146179401992,0.006254883720930233,0.030498338870431893
2026-03-19,1491.0,1.1583501006036216,1.0,209.4,216.77,1727.1,9.4496,190.34,2002.49,1085.39,285.58,45.87,0.19153588195841717,0.727961099932931,0.14538564721663313,1.3430516431924884,0.12765928906773977,0.00633775989268947,0.030764587525150905
2026-03-20,1506.5,1.1554995021573182,1.0,209.4,218.18,1740.76,9.4585,192.29,2006.13,1097.91,284.68,45.83,0.18896780617324926,0.7287819449054099,0.1448257550614006,1.3316495187520745,0.12764022568868238,0.006278460006637903,0.03042150680384998
2026-03-23,1489.5,1.1614031554212825,1.0,209.4,216.32,1729.91,9.405800000000001,190.13,2000.77,1085.17,284.54,45.92,0.1910305471634777,0.7285464921114468,0.14522994293387043,1.3432494125545484,0.12764686136287345,0.006314736488754616,0.030829137294394092
2026-03-24,1497.0,1.1608483633934537,1.0,209.4,217.18,1737.79,9.4323,191.26,2008.0,1087.66,286.27,46.0,0.19122912491649965,0.726559786239145,0.14507682030728122,1.3413493653974615,0.12776219104876418,0.006300801603206413,0.03072812291249165
2026-03-25,1504.5,1.1561515453639084,1.0,209.4,217.96,1739.43,9.4382,192.44,2010.61,1089.35,287.88,45.93,0.191345962113659,0.7240611498836822,0.1448720505151213,1.3363974742439348,0.127909604519774,0.006273313393153871,0.030528414755732803
2026-03-26,1508.0,1.1538527851458886,1.0,209.4,218.05,1740.01,9.4445,192.7,2011.3,1088.77,287.92,45.89,0.19092838196286474,0.7219960212201592,0.14459549071618039,1.3337533156498673,0.12778514588859416,0.006262931034482758,0.03043103448275862
2026-03-27,1509.0,1.1511530815109343,1.0,209.4,218.08,1737.09,9.4145,192.65,2002.37,1086.2,287.92,45.86,0.19080185553346588,0.7198144466534129,0.144519549370444,1.3269516235917826,0.1276673293571902,0.006238899933730948,0.030390987408880053
2026-03-30,1517.5,1.1462471169686985,1.0,209.4,219.41,1739.43,9.4992,193.67,2000.44,1089.57,288.9,46.25,0.19037891268533771,0.7180032948929159,0.14458649093904447,1.3182471169686985,0.12762438220757824,0.006259769357495881,0.030477759472817133
2026-03-31,1510.5,1.1558490566037736,1.0,209.4,219.29,1745.91,9.5159,192.7,1998.54,1085.71,291.68,46.36,0.193101621979477,0.7187752399867594,0.14517709367759019,1.323098311817279,0.12757365110890434,0.006299834491890103,0.030691823899371067
2026-04-01,1513.0,1.1592531394580303,1.0,209.4,220.01,1753.95,9.5388,193.04,2013.42,1090.49,293.5,46.4,0.19398545935228023,0.7207468605419696,0.14541308658294777,1.3307468605419697,0.12758757435558493,0.006304560475875744,0.03066754791804362
2026-04-02,1512.5,1.1539504132231404,1.0,209.4,219.51,1745.35,9.4801,192.98,2000.28,1086.45,293.25,46.35,0.19388429752066116,0.7183140495867769,0.1451305785123967,1.322499173553719,0.1275900826446281,0.006267834710743801,0.030644628099173555
2026-04-03,1513.5,1.1513974231912785,1.0,209.4,219.82,1742.64,9.476799999999999,193.12,1995.78,1085.45,293.35,46.31,0.19382226627023458,0.717178724810043,0.1452395110670631,1.3186521308225967,0.127598282127519,0.006261513049223653,0.030597951767426496
2026-04-06,1508.5,1.1543984090155786,1.0,209.4,219.37,1741.41,9.4467,192.47,1996.8,1084.35,293.27,46.31,0.1944116672190918,0.7188266489890619,0.14542260523699038,1.3236990387802452,0.1275903215114352,0.006262313556513093,0.030699370235333114
2026-04-07,1497.0,1.1629525718102873,1.0,209.4,218.49,1740.94,9.4021,191.04,1996.47,1078.49,290.55,46.16,0.19408817635270542,0.720434201736807,0.14595190380761525,1.3336472945891784,0.12761523046092182,0.006280627922511691,0.030835003340013357
2026-04-08,1481.0,1.1662525320729238,1.0,209.4,216.76,1727.22,9.3391,189.09,1984.47,1069.85,290.42,46.2,0.1960972316002701,0.7223835246455097,0.1463605671843349,1.3399527346387576,0.12767724510465903,0.006305941931127617,0.031195138419986498
2026-04-09,1476.0,1.16960027100271,1.0,209.4,216.16,1726.33,9.2798,188.41,1982.34,1068.17,291.84,46.08,0.19772357723577233,0.7236924119241193,0.14644986449864497,1.3430487804878048,0.1276490514905149,0.006287127371273712,0.03121951219512195
2026-04-10,1489.2,1.1670024174053184,1.0,209.4,217.64,1737.9,9.3183,190.15,1993.89,1073.65,297.45,46.08,0.19973811442385173,0.7209575611066344,0.14614558152027934,1.3389000805801774,0.127686005909213,0.006257252215954875,0.03094278807413376
2026-04-13,1480.5,1.1760013508949678,1.0,209.4,217.16,1741.07,9.2882,189.06,2000.08,1073.72,296.33,46.2,0.20015535292131037,0.7252414724755151,0.14668017561634583,1.3509490037149612,0.1277001013171226,0.006273691320499831,0.03120567375886525
2026-04-14,1473.5,1.1794502884289109,1.0,209.4,216.35,1737.92,9.2775,188.1,1999.24,1070.27,295.34,46.08,0.20043434000678653,0.7263454360366475,0.14682728198167627,1.3567967424499492,0.12765524261961317,0.0062962334577536475,0.03127248048863251
2026-04-15,1476.5,1.179850998984084,1.0,209.4,216.56,1742.05,9.2876,188.47,2002.43,1074.56,295.69,46.1,0.2002641381645784,0.7277751439214358,0.14667118184896716,1.3562004740941416,0.127646461225872,0.006290281070098205,0.03122248560785642
2026-04-16,1480.8,1.1782482441923285,1.0,209.4,217.04,1744.75,9.302999999999999,189.3,2003.08,1080.56,296.58,46.27,0.2002836304700162,0.7297136682874122,0.14656942193408967,1.352701242571583,0.12783630470016208,0.006282414910858995,0.031246623446785523
2026-04-17,1479.3,1.1733522612046239,1.0,209.4,216.66,1735.74,9.313099999999999,188.93,1994.76,1080.33,297.11,46.31,0.2008449942540391,0.730298113972825,0.14646116406408435,1.3484485905495842,0.1277158115324816,0.006295612789833029,0.03130534712363956
2026-04-20,1472.3,1.178652448549888,1.0,209.4,216.01,1735.33,9.2711,188.03,1992.68,1078.96,297.2,45.95,0.2018610337567072,0.7328397745024792,0.14671602254975208,1.35344698770631,0.12771174353053047,0.006297018270732867,0.03120967194185968
2026-04-21,1482.0,1.1740013495276653,1.0,209.4,217.06,1739.87,9.298200000000001,189.25,2001.14,1084.64,299.16,46.05,0.20186234817813767,0.7318758434547908,0.1464642375168691,1.35029689608637,0.12769905533063428,0.006274089068825912,0.031072874493927125
2026-04-22,1479.5,1.1705981750591417,1.0,209.4,216.53,1731.9,9.275599999999999,188.87,1997.84,1082.18,297.4,45.88,0.20101385603244337,0.7314498141263941,0.14635349780331194,1.350348090571139,0.12765799256505578,0.006269415343021291,0.03101047651233525
2026-04-23,1484.0,1.1685983827493263,1.0,209.4,217.12,1734.2,9.2936,189.47,1998.43,1083.33,295.31,45.69,0.19899595687331537,0.7300067385444744,0.14630727762803236,1.3466509433962264,0.12767520215633424,0.0062625336927223715,0.030788409703504042
2026-04-24,1478.0,1.1707510148849796,1.0,209.4,216.14,1730.37,9.2618,188.63,1997.37,1080.53,296.8,45.62,0.20081190798376186,0.7310757780784845,0.1462381596752368,1.3514005412719892,0.1276251691474966,0.006266441136671176,0.030866035182679295
2026-04-27,1475.0,1.1721491525423728,1.0,209.4,216.05,1728.92,9.2523,188.2,1996.04,1082.25,296.02,45.55,0.2006915254237288,0.7337288135593221,0.14647457627118646,1.3532474576271185,0.12759322033898304,0.006272745762711865,0.030881355932203387
2026-04-28,1474.5,1.1717531366564937,1.0,209.4,215.62,1727.75,9.240499999999999,188.17,1993.82,1077.81,296.46,45.39,0.20105798575788403,0.7309664292980671,0.14623262122753475,1.3522007460155985,0.1276161410647677,0.006266870125466259,0.030783316378433366
2026-04-29,1488.0,1.1676478494623657,1.0,209.4,217.37,1737.46,9.2803,189.87,2005.82,1087.72,297.9,45.41,0.2002016129032258,0.7309946236559139,0.14608198924731183,1.347997311827957,0.1276008064516129,0.006236760752688172,0.030517473118279567
2026-04-30,1475.5,1.172802439850898,1.0,209.4,216.05,1730.47,9.402899999999999,188.33,2004.47,1085.88,297.58,45.48,0.20168078617417823,0.7359403592002711,0.14642494069806847,1.358502202643172,0.12763808878346325,0.0063726872246696025,0.030823449678075227
2026-05-04,1469.0,1.1707011572498298,1.0,209.4,215.23,1719.76,9.3175,187.47,1991.67,1079.19,299.24,45.11,0.20370319945541185,0.734642614023145,0.1465146358066712,1.3557998638529611,0.12761742682096663,0.006342750170183799,0.030707964601769912
2026-05-06,1449.0,1.1750034506556246,1.0,209.4,212.71,1702.58,9.2659,184.93,1969.63,1062.82,294.28,44.98,0.2030917874396135,0.7334851621808143,0.1467977915804003,1.3593029675638373,0.12762594893029677,0.0063946859903381646,0.031042097998619737
2026-05-07,1458.0,1.1732030178326474,1.0,209.4,214.17,1710.53,9.2937,186.14,1976.54,1067.78,296.72,45.15,0.20351165980795613,0.7323593964334705,0.14689300411522632,1.3556515775034292,0.12766803840877913,0.006374279835390946,0.03096707818930041
2026-05-08,1464.0,1.176448087431694,1.0,209.4,215.31,1722.32,9.3406,187.0,1986.43,1069.67,299.03,45.46,0.2042554644808743,0.7306489071038252,0.14706967213114755,1.356851092896175,0.12773224043715847,0.006380191256830601,0.03105191256830601
2026-05-11,1475.0,1.1781491525423728,1.0,209.4,217.17,1737.77,9.382100000000001,188.41,2007.62,1078.41,301.49,45.67,0.2044,0.7311254237288136,0.14723389830508474,1.3610983050847456,0.12773559322033898,0.006360745762711865,0.03096271186440678
2026-05-12,1492.0,1.1738471849865952,1.0,209.4,219.68,1751.38,9.4649,190.58,2019.8,1088.93,304.84,46.11,0.20431635388739944,0.7298458445040215,0.14723860589812332,1.3537533512064344,0.12773458445040214,0.006343766756032172,0.030904825737265416
2026-05-13,1489.5,1.1712520980194696,1.0,209.4,219.45,1744.58,9.4347,190.23,2014.7,1086.83,297.23,46.06,0.19955018462571333,0.7296609600537093,0.1473313192346425,1.3526015441423296,0.1277139979859013,0.0063341389728096675,0.0309231285666331
2026-05-14,1493.5,1.1669032474054235,1.0,209.4,220.04,1742.77,9.4284,190.68,2001.36,1088.68,299.73,46.09,0.2006896551724138,0.7289454301975227,0.14733177100770004,1.340046869768999,0.12767325075326416,0.0063129561432875795,0.03086039504519585
2026-05-15,1498.0,1.1622029372496663,1.0,209.4,219.84,1740.98,9.433,191.29,1994.59,1089.3,296.28,45.82,0.1977837116154873,0.72716955941255,0.14675567423230976,1.331502002670227,0.12769692923898532,0.006297062750333779,0.030587449933244325
2026-05-18,1492.0,1.1659517426273458,1.0,209.4,219.46,1739.6,9.395199999999999,190.53,2004.5,1086.08,299.05,45.89,0.20043565683646114,0.7279356568364611,0.14709115281501342,1.3434986595174263,0.127701072386059,0.006297050938337801,0.030757372654155495
2026-05-19,1507.8,1.1607971879559624,1.0,209.4,221.19,1750.25,9.4774,192.49,2020.0,1097.1,298.96,46.12,0.1982756333731264,0.7276163947473139,0.14669717469160368,1.3397002254940975,0.1276628200026529,0.006285581642127603,0.030587611089003847
2026-05-20,1498.5,1.1626493159826494,1.0,209.4,220.32,1742.23,9.4305,191.29,2013.61,1090.49,299.64,45.99,0.19995995995995994,0.7277210543877211,0.14702702702702702,1.3437504170837504,0.1276543209876543,0.0062932932932932934,0.030690690690690692
2026-05-21,1505.5,1.1616472932580537,1.0,209.4,221.4,1748.86,9.4677,192.18,2022.04,1092.84,300.82,46.15,0.19981401527731651,0.7258983726336765,0.14706077715044835,1.3431019594818996,0.1276519428761209,0.0062887412819661245,0.030654267685154432
2026-05-22,1512.0,1.1641997354497355,1.0,209.4,222.88,1760.27,9.5127,192.99,2042.11,1095.37,301.41,46.54,0.1993452380952381,0.7244510582010582,0.1474074074074074,1.3506018518518519,0.12763888888888889,0.006291468253968254,0.03078042328042328
2026-05-26,1507.5,1.1632968490878939,1.0,209.4,222.16,1753.67,9.4639,192.38,2027.51,1091.4,299.41,46.12,0.1986135986733002,0.7239800995024877,0.1473698175787728,1.3449485903814262,0.12761525704809287,0.006277877280265341,0.030593698175787727
2026-05-27,1502.0,1.1627496671105193,1.0,209.4,221.64,1746.45,9.417200000000001,191.72,2016.89,1085.38,296.9,46.01,0.19766977363515312,0.7226231691078563,0.14756324900133155,1.3428029294274302,0.12764314247669772,0.00626977363515313,0.03063249001331558
2026-05-28,1496.5,1.1650985633144002,1.0,209.4,220.97,1743.57,9.3963,191.03,2011.82,1085.72,296.7,45.92,0.19826261276311394,0.7255061810892082,0.1476578683595055,1.3443501503508186,0.1276511861009021,0.0062788506515202135,0.030684931506849315
2026-05-29,1507.5,1.1651475953565507,1.0,209.4,222.87,1756.46,9.4565,192.36,2027.06,1092.51,299.29,46.38,0.19853399668325042,0.7247164179104477,0.1478407960199005,1.3446500829187396,0.12760199004975126,0.0062729684908789385,0.03076616915422886
2026-06-01,1514.5,1.1633476394849787,1.0,209.4,223.87,1761.89,9.4861,193.24,2038.06,1094.13,301.35,46.36,0.19897655992076593,0.7224364476724993,0.14781776163750412,1.3456982502476065,0.1275932651039947,0.006263519313304721,0.03061076262793001
2026-06-02,1535.0,1.1598501628664495,1.0,209.4,226.41,1780.37,9.5935,195.87,2059.2,1104.59,303.34,46.88,0.19761563517915307,0.7196026058631921,0.1474983713355049,1.3414983713355049,0.1276026058631922,0.006249837133550489,0.030540716612377852
2026-06-04,1534.0,1.1620990873533248,1.0,209.4,226.38,1782.66,9.5878,195.78,2059.7,1103.48,302.89,46.96,0.19745110821382006,0.7193481095176011,0.14757496740547588,1.3426988265971316,0.1276271186440678,0.006250195567144719,0.03061277705345502
2026-06-05,1559.5,1.1513497915998718,1.0,209.4,229.61,1795.53,9.7314,199.06,2078.42,1118.52,301.54,47.52,0.19335684514267396,0.7172298813722346,0.14723308752805386,1.332747675537031,0.127643475472908,0.006240076947739661,0.030471304905418405
2026-06-08,1527.8,1.1533970414975783,1.0,209.4,225.19,1762.16,9.5389,194.95,2038.09,1094.92,294.15,46.47,0.1925317449928001,0.7166644848802199,0.14739494698258934,1.3340031417724834,0.12760178033774053,0.006243552821049876,0.030416284854038488
2026-06-09,1524.5,1.1538996392259757,1.0,209.4,224.93,1759.12,9.5053,194.53,2039.09,1092.87,294.64,46.34,0.19326992456543127,0.7168711052804198,0.1475434568711053,1.3375467366349623,0.12760249262053133,0.006235027877992785,0.03039685142669728
2026-06-10,1524.5,1.153000983929157,1.0,209.4,224.84,1757.75,9.497,194.54,2036.35,1093.03,294.12,46.25,0.19292882912430306,0.7169760577238439,0.14748442112167925,1.335749426041325,0.12760905214824533,0.006229583469990161,0.030337815677271236
2026-06-11,1519.0,1.157452271231073,1.0,209.4,224.57,1758.17,9.4887,193.84,2037.74,1087.49,297.82,46.39,0.19606319947333772,0.7159249506254115,0.14784068466096115,1.341500987491771,0.12761026991441737,0.006246675444371297,0.03053982883475971
2026-06-12,1514.7,1.1610483924209414,1.0,209.4,224.17,1758.64,9.4734,193.32,2037.42,1085.07,299.11,46.48,0.19747144649105433,0.7163596751832045,0.14799630289826368,1.3450980392156864,0.12762923351158645,0.006254307783719548,0.030685944411434605
2026-06-15,1515.5,1.1587990762124711,1.0,209.4,224.22,1756.16,9.451799999999999,193.44,2032.36,1083.0,299.89,46.55,0.19788188716595181,0.7146156384031672,0.14795117123061696,1.3410491586935005,0.12764104256021114,0.0062367535466842615,0.030715935334872976
2026-06-16,1511.0,1.1611515552614162,1.0,209.4,223.64,1754.5,9.4184,192.89,2028.97,1079.86,296.97,46.46,0.19653871608206488,0.7146657842488418,0.14800794176042356,1.3427994705493052,0.12765718067504964,0.006233223031105228,0.030747849106551952
2026-06-17,1525.5,1.150199934447722,1.0,209.4,225.15,1754.63,9.4961,194.69,2027.77,1082.07,298.78,46.58,0.19585709603408716,0.7093215339233038,0.14759095378564405,1.329249426417568,0.12762372992461488,0.006224909865617831,0.030534251065224515
2026-06-18,1538.0,1.146150845253576,1.0,209.4,226.9,1762.78,9.5401,196.25,2031.01,1088.16,297.97,46.9,0.19373862158647595,0.707516254876463,0.1475292587776333,1.32055266579974,0.12760078023407023,0.00620292587776333,0.03049414824447334
2026-06-19,1533.0,1.1466014350945857,1.0,209.4,225.98,1757.74,9.5023,195.62,2027.47,1081.33,298.13,46.54,0.19447488584474887,0.705368558382257,0.14741030658838877,1.3225505544683627,0.12760600130463146,0.00619849967384214,0.03035877364644488
2026-06-22,1538.5,1.1427494312642184,1.0,209.4,226.98,1758.12,9.5237,196.24,2038.13,1086.47,299.21,46.68,0.19448163795905102,0.7061878453038675,0.14753331166720832,1.3247513812154696,0.1275528111797205,0.006190250243743907,0.030341241468963276
2026-06-23,1533.5,1.1379523964786435,1.0,209.4,225.68,1745.05,9.4909,195.57,2024.37,1079.09,295.93,46.12,0.1929768503423541,0.7036778611020541,0.14716661232474731,1.3200978154548417,0.1275317900228236,0.0061890446690577115,0.030074991848712096
2026-06-24,1543.5,1.1356980887593133,1.0,209.4,226.54,1752.95,9.5425,196.88,2032.33,1084.34,297.52,46.14,0.19275672173631356,0.7025202461937156,0.14677032717849045,1.3167022999676061,0.12755425979915774,0.006182377712989958,0.02989310009718173
2026-06-25,1545.0,1.1371974110032363,1.0,209.4,227.17,1756.97,9.5485,197.06,2038.94,1088.03,298.54,46.29,0.1932297734627832,0.7042265372168285,0.14703559870550162,1.3197022653721684,0.12754692556634303,0.006180258899676376,0.029961165048543688
2026-06-26,1537.5,1.1384975609756098,1.0,209.4,226.04,1750.44,9.5028,196.07,2028.73,1083.43,297.29,46.05,0.19335934959349596,0.704669918699187,0.14701788617886177,1.31949918699187,0.1275252032520325,0.0061806829268292686,0.02995121951219512
2026-06-29,1541.5,1.1424521569899448,1.0,209.4,226.71,1761.09,9.5193,196.59,2044.11,1085.1,297.97,46.33,0.1932987349983782,0.7039247486214726,0.14707103470645475,1.326052546221213,0.12753162504054494,0.006175348686344469,0.03005514109633474
2026-06-30,1548.0,1.1420994832041345,1.0,209.4,227.94,1767.97,9.5191,197.39,2052.57,1090.56,300.19,46.56,0.19392118863049096,0.7044961240310077,0.14724806201550386,1.325949612403101,0.12751291989664082,0.0061492894056847545,0.03007751937984496
2026-07-01,1552.5,1.1379516908212561,1.0,209.4,228.51,1766.67,9.5506,197.92,2061.64,1091.93,298.21,46.54,0.19208373590982286,0.7033365539452496,0.14718840579710143,1.3279484702093396,0.12748470209339774,0.006151755233494364,0.02997745571658615
2026-07-02,1542.5,1.1428006482982171,1.0,209.4,227.23,1762.77,9.5632,196.68,2058.16,1087.3,296.28,46.41,0.19207779578606157,0.7048946515397082,0.1473128038897893,1.3343014586709885,0.1275072933549433,0.006199805510534846,0.030087520259319284
2026-07-03,1529.0,1.1438521909744932,1.0,209.4,225.36,1748.95,9.4781,194.96,2041.67,1076.8,295.83,46.1,0.19347939829954217,0.7042511445389142,0.14739045127534336,1.335297580117724,0.12750817527795946,0.006198888162197515,0.030150425114453892
2026-07-06,1530.5,1.1443972557987585,1.0,209.4,225.25,1751.5,9.4429,195.15,2050.26,1077.25,298.55,45.98,0.19506697157791572,0.7038549493629532,0.14717412610258085,1.3396014374387457,0.12750735053903953,0.006169813786344332,0.03004246978111728
2026-07-07,1517.2,1.1405022409702081,1.0,209.4,222.98,1730.37,9.355,193.47,2025.54,1068.19,294.02,45.49,0.19379119430529923,0.7040535196414448,0.14696809912997627,1.3350514104930133,0.12751779593988927,0.00616596361718956,0.029982863168995517
2026-07-08,1507.0,1.1417518248175182,1.0,209.4,221.42,1720.62,9.268099999999999,192.22,2018.02,1063.21,292.68,45.04,0.1942136695421367,0.7055142667551427,0.1469276708692767,1.3390975447909754,0.12755142667551428,0.006150033178500331,0.02988719309887193
2026-07-09,1507.0,1.143251493032515,1.0,209.4,221.75,1722.88,9.280700000000001,192.31,2021.26,1063.78,294.98,45.13,0.19573988055739883,0.705892501658925,0.14714664897146648,1.3412475116124751,0.12761114797611148,0.006158394160583942,0.029946914399469147
2026-07-10,1502.0,1.1404993342210386,1.0,209.4,221.42,1713.03,9.2851,191.59,2010.65,1060.55,294.01,45.12,0.195745672436751,0.7060918774966711,0.14741677762982688,1.3386484687083888,0.12755659121171772,0.006181824234354195,0.030039946737683086
2026-07-13,1499.5,1.1384994998332778,1.0,209.4,221.03,1707.18,9.2322,191.3,2002.21,1059.53,292.04,44.78,0.194758252750917,0.7065888629543181,0.14740246748916305,1.335251750583528,0.12757585861953985,0.006156852284094698,0.02986328776258753
2026-07-14,1491.0,1.1419517102615695,1.0,209.4,220.16,1702.65,9.191799999999999,190.23,1996.37,1060.04,294.02,44.53,0.19719651240778,0.7109590878604963,0.14765928906773976,1.3389470154258887,0.12758551307847082,0.006164855801475519,0.029865861837692825
2026-07-15,1488.5,1.146698018139066,1.0,209.4,219.93,1706.86,9.1823,189.89,2015.58,1060.19,293.19,44.33,0.19697010413167618,0.7122539469264361,0.14775277124622102,1.3541014444071213,0.127571380584481,0.006168827678871347,0.029781659388646287
2026-07-16,1491.0,1.1427028839704896,1.0,209.4,219.97,1703.77,9.1751,190.17,2004.57,1063.52,291.66,44.29,0.19561368209255534,0.7132930918846412,0.14753185781354797,1.3444466800804828,0.12754527162977866,0.006153655264922871,0.02970489604292421
2026-07-20,1478.5,1.141650321271559,1.0,209.4,218.42,1687.93,9.0982,188.56,1986.0,1049.81,290.41,43.94,0.19642204937436591,0.7100507270882651,0.14773080825160634,1.3432532972607372,0.1275346635103145,0.006153669259384512,0.029719310111599593
2026-07-21,1482.5,1.1400472175379426,1.0,209.4,219.02,1690.12,9.0837,189.04,1983.29,1050.97,292.16,43.97,0.19707251264755482,0.7089173693086004,0.14773693086003373,1.3378010118043844,0.12751433389544686,0.006127284991568297,0.02965935919055649
2026-07-22,1479.0,1.140601757944557,1.0,209.4,218.32,1686.95,9.065800000000001,188.63,1977.2,1049.64,292.37,43.76,0.19768086544962812,0.7096957403651116,0.14761325219743068,1.3368492224475998,0.1275388776200135,0.006129682217714673,0.02958755916159567
2026-07-23,1476.5,1.1379478496444295,1.0,209.4,217.86,1680.18,9.0138,188.31,1965.81,1048.54,290.66,43.64,0.1968574331188622,0.7101523874026413,0.1475516423975618,1.3313985777175754,0.12753809685066034,0.00610484253301727,0.02955638333897731
2026-07-24,1462.5,1.1391521367521367,1.0,209.4,216.04,1666.01,8.9354,186.5,1951.85,1038.04,287.48,43.4,0.19656752136752137,0.7097709401709401,0.14771965811965812,1.3345982905982905,0.12752136752136753,0.006109675213675213,0.029675213675213676
2026-07-27,1466.0,1.1369031377899046,1.0,209.4,216.7,1666.7,8.9521,186.95,1948.17,1038.1,286.73,43.58,0.19558663028649387,0.7081173260572987,0.14781718963165075,1.3289017735334243,0.1275238744884038,0.0061064802182810365,0.029727148703956343
2026-07-28,1455.2,1.1385995052226499,1.0,209.4,214.93,1656.89,8.881,185.59,1933.23,1031.76,283.86,43.34,0.19506597031335898,0.7090159428257284,0.14769791094007698,1.3284978009895547,0.1275357339197361,0.006102941176470588,0.029782847718526663
2026-07-29,1446.0,1.1468533886583678,1.0,209.4,213.86,1658.35,8.8476,184.38,1933.16,1029.8,282.56,43.17,0.19540802213001382,0.7121715076071923,0.14789764868603045,1.3369017980636237,0.1275103734439834,0.006118672199170124,0.029854771784232365
2026-07-30,1426.2,1.152951900154256,1.0,209.4,211.4,1644.34,8.9308,181.84,1920.81,1018.31,281.78,42.72,0.1975739727948394,0.7140022437245828,0.14822605525171786,1.3468026924694994,0.12749964941803393,0.00626195484504277,0.029953723180479595
2026-07-31,1440.0,1.155,1.0,209.4,213.44,1663.2,9.1522,183.62,1943.78,1027.65,283.69,43.14,0.19700694444444444,0.7136458333333334,0.14822222222222223,1.3498472222222222,0.1275138888888889,0.006355694444444445,0.029958333333333333
2026-08-03,1430.8,1.150901593514118,1.0,209.4,211.69,1646.71,9.0957,182.45,1921.56,1018.62,281.11,42.85,0.19647050601062344,0.7119233994967851,0.14795219457646072,1.3429969247973161,0.12751607492311992,0.006357072966172771,0.02994828068213587
2026-08-04,1431.0,1.1532005590496157,1.0,209.4,212.08,1650.23,9.071,182.46,1925.05,1017.53,279.06,43.04,0.19501048218029352,0.7110621942697414,0.1482040531097135,1.3452480782669463,0.12750524109014674,0.006338923829489867,0.030076869322152342
2026-08-05,1423.5,1.155300316122234,1.0,209.4,210.95,1644.57,9.023200000000001,181.48,1917.03,1015.95,277.81,42.98,0.19515981735159818,0.7136986301369863,0.14819107832806463,1.3467017913593256,0.12748858447488584,0.00633874253600281,0.030193185809624164
2026-08-06,1424.5,1.152102492102492,1.0,209.4,211.03,1641.17,8.9902,181.6,1915.67,1016.45,278.87,43.0,0.19576693576693577,0.7135486135486135,0.14814320814320814,1.3448016848016848,0.12748332748332747,0.006311126711126711,0.030186030186030187
2026-08-07,1411.0,1.1565981573352233,1.0,209.4,209.26,1631.96,8.9465,179.86,1904.29,1011.43,277.46,42.69,0.19664068036853294,0.71681785967399,0.1483061658398299,1.349603118355776,0.1274698795180723,0.00634053862508859,0.030255138199858256
2026-08-10,1419.5,1.154300810144417,1.0,209.4,210.43,1638.53,8.910599999999999,180.93,1917.46,1018.37,277.93,42.98,0.19579429376541035,0.7174145825995069,0.14824233885170834,1.3507995773159565,0.12746037337090527,0.006277280732652341,0.03027826699542092
2026-08-11,1413.5,1.1539511850017685,1.0,209.4,209.51,1631.11,8.8696,180.14,1908.79,1014.97,273.96,42.63,0.19381676689069685,0.7180544747081712,0.14822072868765476,1.350399717014503,0.12744251857092323,0.006274920410328971,0.030159179342058723
2026-08-12,1419.0,1.1526497533474276,1.0,209.4,210.37,1635.61,8.9021,180.84,1915.08,1017.9,273.36,42.86,0.19264270613107823,0.7173361522198731,0.1482522903453136,1.349598308668076,0.12744186046511627,0.006273502466525723,0.030204369274136715
2026-08-13,1420.2,1.15309815518941,1.0,209.4,210.56,1637.63,8.9044,180.98,1915.49,1019.45,274.18,42.8,0.19305731587100408,0.7178214336009013,0.14826080833685396,1.3487466554006478,0.1274327559498662,0.00626982115195043,0.0301366004788058
2026-08-14,1417.5,1.15794708994709,1.0,209.4,210.21,1641.39,8.8913,180.7,1919.86,1021.81,272.35,42.9,0.19213403880070548,0.7208536155202822,0.14829629629629631,1.3543985890652557,0.1274779541446208,0.0062725220458553785,0.030264550264550265
2026-08-18,1413.5,1.1575026529890344,1.0,209.4,209.51,1636.13,8.8549,180.21,1912.75,1017.2,271.06,42.68,0.19176512203749557,0.7196321188539088,0.14822072868765476,1.3532012734347365,0.12749204103289707,0.006264520693314468,0.030194552529182878
2026-08-19,1390.0,1.1679496402877698,1.0,209.4,206.53,1623.45,8.794400000000001,177.28,1891.72,1006.74,268.43,42.27,0.19311510791366907,0.724273381294964,0.14858273381294965,1.3609496402877699,0.12753956834532373,0.006326906474820145,0.030410071942446045
2026-08-20,1394.8,1.168396902781761,1.0,209.4,207.44,1629.68,8.774,177.84,1901.95,1011.9,268.58,42.45,0.1925580728419845,0.7254803556065386,0.14872383137367365,1.36360051620304,0.12750215084599945,0.006290507599655864,0.030434470891884145
2026-08-21,1388.0,1.1680475504322767,1.0,209.4,206.53,1621.25,8.732000000000001,177.05,1892.89,1008.24,269.82,42.46,0.19439481268011527,0.7263976945244957,0.14879682997118154,1.3637536023054755,0.12755763688760807,0.00629106628242075,0.03059077809798271
