Start,End,EstStart,EstEnd,Pay,Frac,ForwardRate,ConAdj,CpnFixed,Cpn,RawCpn,DF,DiscCurve,EstCurve,Price
20240627.0,20240927.0,20240627.0,20240927.0,20241001.0,0.25555555555555554,0.0,0.0,0.0,0.0,0.0,1.0,C:\Users\ciiad\github5\FRTB_Python\MarketData\outputdata\20241210\USD\USD IRS ZeroCurve.csv,C:\Users\ciiad\github5\FRTB_Python\MarketData\outputdata\20241210\USD\USD IRS ZeroCurve.csv,3741.21466486982
20240927.0,20241227.0,20240927.0,20241227.0,20241231.0,0.25277777777777777,0.0,0.0,0.045,113.44928594666277,113.75,0.9973563599706617,C:\Users\ciiad\github5\FRTB_Python\MarketData\outputdata\20241210\USD\USD IRS ZeroCurve.csv,C:\Users\ciiad\github5\FRTB_Python\MarketData\outputdata\20241210\USD\USD IRS ZeroCurve.csv,3741.21466486982
20241227.0,20250327.0,20241227.0,20250327.0,20250331.0,0.25,0.0,0.0,0.045,111.00112228228973,112.5,0.986676642509242,C:\Users\ciiad\github5\FRTB_Python\MarketData\outputdata\20241210\USD\USD IRS ZeroCurve.csv,C:\Users\ciiad\github5\FRTB_Python\MarketData\outputdata\20241210\USD\USD IRS ZeroCurve.csv,3741.21466486982
20250327.0,20250627.0,20250327.0,20250627.0,20250701.0,0.25555555555555554,0.0,0.0,0.045,112.29489897940334,114.99999999999999,0.9764773824295944,C:\Users\ciiad\github5\FRTB_Python\MarketData\outputdata\20241210\USD\USD IRS ZeroCurve.csv,C:\Users\ciiad\github5\FRTB_Python\MarketData\outputdata\20241210\USD\USD IRS ZeroCurve.csv,3741.21466486982
20250627.0,20250929.0,20250627.0,20250929.0,20251001.0,0.2611111111111111,0.0,0.0,0.045,113.6037005452266,117.50000000000001,0.9668400046402262,C:\Users\ciiad\github5\FRTB_Python\MarketData\outputdata\20241210\USD\USD IRS ZeroCurve.csv,C:\Users\ciiad\github5\FRTB_Python\MarketData\outputdata\20241210\USD\USD IRS ZeroCurve.csv,3741.21466486982
20250929.0,20251229.0,20250929.0,20251229.0,20251231.0,0.25277777777777777,0.0,0.0,0.045,108.93251061596094,113.75,0.9576484449754807,C:\Users\ciiad\github5\FRTB_Python\MarketData\outputdata\20241210\USD\USD IRS ZeroCurve.csv,C:\Users\ciiad\github5\FRTB_Python\MarketData\outputdata\20241210\USD\USD IRS ZeroCurve.csv,3741.21466486982
20251229.0,20260327.0,20251229.0,20260327.0,20260331.0,0.24444444444444444,0.0,0.0,0.045,104.36434532418104,110.0,0.9487667756743732,C:\Users\ciiad\github5\FRTB_Python\MarketData\outputdata\20241210\USD\USD IRS ZeroCurve.csv,C:\Users\ciiad\github5\FRTB_Python\MarketData\outputdata\20241210\USD\USD IRS ZeroCurve.csv,3741.21466486982
20260327.0,20260629.0,20260327.0,20260629.0,20260701.0,0.2611111111111111,0.0,0.0,0.045,110.45091709498139,117.50000000000001,0.9400078050636713,C:\Users\ciiad\github5\FRTB_Python\MarketData\outputdata\20241210\USD\USD IRS ZeroCurve.csv,C:\Users\ciiad\github5\FRTB_Python\MarketData\outputdata\20241210\USD\USD IRS ZeroCurve.csv,3741.21466486982
20260629.0,20260928.0,20260629.0,20260928.0,20260930.0,0.25277777777777777,0.0,0.0,0.045,105.94712540086883,113.75,0.9314033002274182,C:\Users\ciiad\github5\FRTB_Python\MarketData\outputdata\20241210\USD\USD IRS ZeroCurve.csv,C:\Users\ciiad\github5\FRTB_Python\MarketData\outputdata\20241210\USD\USD IRS ZeroCurve.csv,3741.21466486982
20260928.0,20261228.0,20260928.0,20261228.0,20261230.0,0.25277777777777777,0.0,0.0,0.045,104.99297094145402,113.75,0.9230151291556398,C:\Users\ciiad\github5\FRTB_Python\MarketData\outputdata\20241210\USD\USD IRS ZeroCurve.csv,C:\Users\ciiad\github5\FRTB_Python\MarketData\outputdata\20241210\USD\USD IRS ZeroCurve.csv,3741.21466486982
20261228.0,20270329.0,20261228.0,20270329.0,20270331.0,0.25277777777777777,0.0,0.0,0.045,104.03551392886742,113.75,0.9145979246493838,C:\Users\ciiad\github5\FRTB_Python\MarketData\outputdata\20241210\USD\USD IRS ZeroCurve.csv,C:\Users\ciiad\github5\FRTB_Python\MarketData\outputdata\20241210\USD\USD IRS ZeroCurve.csv,3741.21466486982
20270329.0,20270628.0,20270329.0,20270628.0,20270630.0,0.25277777777777777,0.0,0.0,0.045,103.09925713583762,113.75,0.9063670956996713,C:\Users\ciiad\github5\FRTB_Python\MarketData\outputdata\20241210\USD\USD IRS ZeroCurve.csv,C:\Users\ciiad\github5\FRTB_Python\MarketData\outputdata\20241210\USD\USD IRS ZeroCurve.csv,3741.21466486982
20270628.0,20270927.0,20270628.0,20270927.0,20270929.0,0.25277777777777777,0.0,0.0,0.045,102.18378430120941,113.75,0.8983189828677751,C:\Users\ciiad\github5\FRTB_Python\MarketData\outputdata\20241210\USD\USD IRS ZeroCurve.csv,C:\Users\ciiad\github5\FRTB_Python\MarketData\outputdata\20241210\USD\USD IRS ZeroCurve.csv,3741.21466486982
20270927.0,20271227.0,20270927.0,20271227.0,20271229.0,0.25277777777777777,0.0,0.0,0.045,101.28463047778916,113.75,0.890414333870674,C:\Users\ciiad\github5\FRTB_Python\MarketData\outputdata\20241210\USD\USD IRS ZeroCurve.csv,C:\Users\ciiad\github5\FRTB_Python\MarketData\outputdata\20241210\USD\USD IRS ZeroCurve.csv,3741.21466486982
20271227.0,20280327.0,20271227.0,20280327.0,20280329.0,0.25277777777777777,0.0,0.0,0.045,100.38093383196811,113.75,0.882469747973346,C:\Users\ciiad\github5\FRTB_Python\MarketData\outputdata\20241210\USD\USD IRS ZeroCurve.csv,C:\Users\ciiad\github5\FRTB_Python\MarketData\outputdata\20241210\USD\USD IRS ZeroCurve.csv,3741.21466486982
20280327.0,20280627.0,20280327.0,20280627.0,20280629.0,0.25555555555555554,0.0,0.0,0.045,100.57665359103191,114.99999999999999,0.8745795964437559,C:\Users\ciiad\github5\FRTB_Python\MarketData\outputdata\20241210\USD\USD IRS ZeroCurve.csv,C:\Users\ciiad\github5\FRTB_Python\MarketData\outputdata\20241210\USD\USD IRS ZeroCurve.csv,3741.21466486982
20280627.0,20280927.0,20280627.0,20280927.0,20280929.0,0.25555555555555554,0.0,0.0,0.045,99.68538483731577,114.99999999999999,0.8668294333679633,C:\Users\ciiad\github5\FRTB_Python\MarketData\outputdata\20241210\USD\USD IRS ZeroCurve.csv,C:\Users\ciiad\github5\FRTB_Python\MarketData\outputdata\20241210\USD\USD IRS ZeroCurve.csv,3741.21466486982
20280927.0,20281227.0,20280927.0,20281227.0,20281229.0,0.25277777777777777,0.0,0.0,0.045,97.74122005052952,113.75,0.8592634729716881,C:\Users\ciiad\github5\FRTB_Python\MarketData\outputdata\20241210\USD\USD IRS ZeroCurve.csv,C:\Users\ciiad\github5\FRTB_Python\MarketData\outputdata\20241210\USD\USD IRS ZeroCurve.csv,3741.21466486982
20281227.0,20290327.0,20281227.0,20290327.0,20290329.0,0.25,0.0,0.0,0.045,95.81860199780883,112.5,0.8517209066471896,C:\Users\ciiad\github5\FRTB_Python\MarketData\outputdata\20241210\USD\USD IRS ZeroCurve.csv,C:\Users\ciiad\github5\FRTB_Python\MarketData\outputdata\20241210\USD\USD IRS ZeroCurve.csv,3741.21466486982
20290327.0,20290627.0,20290327.0,20290627.0,20290629.0,0.25555555555555554,0.0,0.0,0.045,97.07378527402729,114.99999999999999,0.8441198719480635,C:\Users\ciiad\github5\FRTB_Python\MarketData\outputdata\20241210\USD\USD IRS ZeroCurve.csv,C:\Users\ciiad\github5\FRTB_Python\MarketData\outputdata\20241210\USD\USD IRS ZeroCurve.csv,3741.21466486982
20290627.0,20290927.0,20290627.0,20290927.0,20291001.0,0.25555555555555554,0.0,0.0,0.045,96.19356539320307,114.99999999999999,0.8364657860278529,C:\Users\ciiad\github5\FRTB_Python\MarketData\outputdata\20241210\USD\USD IRS ZeroCurve.csv,C:\Users\ciiad\github5\FRTB_Python\MarketData\outputdata\20241210\USD\USD IRS ZeroCurve.csv,3741.21466486982
20290927.0,20291227.0,20290927.0,20291227.0,20291231.0,0.25277777777777777,0.0,0.0,0.045,94.31239033454926,113.75,0.8291199150290045,C:\Users\ciiad\github5\FRTB_Python\MarketData\outputdata\20241210\USD\USD IRS ZeroCurve.csv,C:\Users\ciiad\github5\FRTB_Python\MarketData\outputdata\20241210\USD\USD IRS ZeroCurve.csv,3741.21466486982
20291227.0,20300327.0,20291227.0,20300327.0,20300329.0,0.25,0.0,0.0,0.045,92.4666261127036,112.5,0.8219255654462542,C:\Users\ciiad\github5\FRTB_Python\MarketData\outputdata\20241210\USD\USD IRS ZeroCurve.csv,C:\Users\ciiad\github5\FRTB_Python\MarketData\outputdata\20241210\USD\USD IRS ZeroCurve.csv,3741.21466486982
20300327.0,20300627.0,20300327.0,20300627.0,20300701.0,0.25555555555555554,0.0,0.0,0.045,93.64761412683761,114.99999999999999,0.8143270793638054,C:\Users\ciiad\github5\FRTB_Python\MarketData\outputdata\20241210\USD\USD IRS ZeroCurve.csv,C:\Users\ciiad\github5\FRTB_Python\MarketData\outputdata\20241210\USD\USD IRS ZeroCurve.csv,3741.21466486982
20300627.0,20300927.0,20300627.0,20300927.0,20301001.0,0.25555555555555554,0.0,0.0,0.045,92.80219165191963,114.99999999999999,0.8069755795819099,C:\Users\ciiad\github5\FRTB_Python\MarketData\outputdata\20241210\USD\USD IRS ZeroCurve.csv,C:\Users\ciiad\github5\FRTB_Python\MarketData\outputdata\20241210\USD\USD IRS ZeroCurve.csv,3741.21466486982
20300927.0,20301227.0,20300927.0,20301227.0,20301231.0,0.25277777777777777,0.0,0.0,0.045,90.97379982570834,113.75,0.7997696687974359,C:\Users\ciiad\github5\FRTB_Python\MarketData\outputdata\20241210\USD\USD IRS ZeroCurve.csv,C:\Users\ciiad\github5\FRTB_Python\MarketData\outputdata\20241210\USD\USD IRS ZeroCurve.csv,3741.21466486982
20301227.0,20310327.0,20301227.0,20310327.0,20310331.0,0.25,0.0,0.0,0.045,89.17165274600012,112.5,0.7926369132977789,C:\Users\ciiad\github5\FRTB_Python\MarketData\outputdata\20241210\USD\USD IRS ZeroCurve.csv,C:\Users\ciiad\github5\FRTB_Python\MarketData\outputdata\20241210\USD\USD IRS ZeroCurve.csv,3741.21466486982
20310327.0,20310627.0,20310327.0,20310627.0,20310701.0,0.25555555555555554,0.0,0.0,0.045,90.3232762772668,114.99999999999999,0.7854197937153635,C:\Users\ciiad\github5\FRTB_Python\MarketData\outputdata\20241210\USD\USD IRS ZeroCurve.csv,C:\Users\ciiad\github5\FRTB_Python\MarketData\outputdata\20241210\USD\USD IRS ZeroCurve.csv,3741.21466486982
20310627.0,20310929.0,20310627.0,20310929.0,20311001.0,0.2611111111111111,0.0,0.0,0.045,91.44752385401321,117.50000000000001,0.7782767987575592,C:\Users\ciiad\github5\FRTB_Python\MarketData\outputdata\20241210\USD\USD IRS ZeroCurve.csv,C:\Users\ciiad\github5\FRTB_Python\MarketData\outputdata\20241210\USD\USD IRS ZeroCurve.csv,3741.21466486982
20310929.0,20311229.0,20310929.0,20311229.0,20311231.0,0.25277777777777777,0.0,0.0,0.045,87.73162734660447,113.75,0.7712670535965228,C:\Users\ciiad\github5\FRTB_Python\MarketData\outputdata\20241210\USD\USD IRS ZeroCurve.csv,C:\Users\ciiad\github5\FRTB_Python\MarketData\outputdata\20241210\USD\USD IRS ZeroCurve.csv,3741.21466486982
20311229.0,20320329.0,20311229.0,20320329.0,20320331.0,0.25277777777777777,0.0,0.0,0.045,86.93248206837727,113.75,0.7642416006011188,C:\Users\ciiad\github5\FRTB_Python\MarketData\outputdata\20241210\USD\USD IRS ZeroCurve.csv,C:\Users\ciiad\github5\FRTB_Python\MarketData\outputdata\20241210\USD\USD IRS ZeroCurve.csv,3741.21466486982
20320329.0,20320628.0,20320329.0,20320628.0,20320630.0,0.25277777777777777,0.0,0.0,0.045,86.14073744363678,113.75,0.757281208295708,C:\Users\ciiad\github5\FRTB_Python\MarketData\outputdata\20241210\USD\USD IRS ZeroCurve.csv,C:\Users\ciiad\github5\FRTB_Python\MarketData\outputdata\20241210\USD\USD IRS ZeroCurve.csv,3741.21466486982
20320628.0,20320927.0,20320628.0,20320927.0,20320929.0,0.25277777777777777,0.0,0.0,0.045,85.35632385143631,113.75,0.7503852646280116,C:\Users\ciiad\github5\FRTB_Python\MarketData\outputdata\20241210\USD\USD IRS ZeroCurve.csv,C:\Users\ciiad\github5\FRTB_Python\MarketData\outputdata\20241210\USD\USD IRS ZeroCurve.csv,3741.21466486982
20320927.0,20321227.0,20320927.0,20321227.0,20321229.0,0.25277777777777777,0.0,0.0,0.045,84.57804855711721,113.75,0.7435432840186129,C:\Users\ciiad\github5\FRTB_Python\MarketData\outputdata\20241210\USD\USD IRS ZeroCurve.csv,C:\Users\ciiad\github5\FRTB_Python\MarketData\outputdata\20241210\USD\USD IRS ZeroCurve.csv,3741.21466486982
20321227.0,20330328.0,20321227.0,20330328.0,20330330.0,0.25277777777777777,0.0,0.0,0.045,83.80060495664036,113.75,0.7367086150034317,C:\Users\ciiad\github5\FRTB_Python\MarketData\outputdata\20241210\USD\USD IRS ZeroCurve.csv,C:\Users\ciiad\github5\FRTB_Python\MarketData\outputdata\20241210\USD\USD IRS ZeroCurve.csv,3741.21466486982
20330328.0,20330627.0,20330328.0,20330627.0,20330629.0,0.25277777777777777,0.0,0.0,0.045,83.02998076004215,113.75,0.7299338967915794,C:\Users\ciiad\github5\FRTB_Python\MarketData\outputdata\20241210\USD\USD IRS ZeroCurve.csv,C:\Users\ciiad\github5\FRTB_Python\MarketData\outputdata\20241210\USD\USD IRS ZeroCurve.csv,3741.21466486982
20330627.0,20330927.0,20330627.0,20330927.0,20330929.0,0.25555555555555554,0.0,0.0,0.045,83.16169402757238,114.99999999999999,0.7231451654571512,C:\Users\ciiad\github5\FRTB_Python\MarketData\outputdata\20241210\USD\USD IRS ZeroCurve.csv,C:\Users\ciiad\github5\FRTB_Python\MarketData\outputdata\20241210\USD\USD IRS ZeroCurve.csv,3741.21466486982
20330927.0,20331227.0,20330927.0,20331227.0,20331229.0,0.25277777777777777,0.0,0.0,0.045,81.49933186586544,113.75,0.7164776427768391,C:\Users\ciiad\github5\FRTB_Python\MarketData\outputdata\20241210\USD\USD IRS ZeroCurve.csv,C:\Users\ciiad\github5\FRTB_Python\MarketData\outputdata\20241210\USD\USD IRS ZeroCurve.csv,3741.21466486982
20331227.0,20340327.0,20331227.0,20340327.0,20340329.0,0.25,0.0,0.0,0.045,79.86149793316923,112.5,0.709879981628171,C:\Users\ciiad\github5\FRTB_Python\MarketData\outputdata\20241210\USD\USD IRS ZeroCurve.csv,C:\Users\ciiad\github5\FRTB_Python\MarketData\outputdata\20241210\USD\USD IRS ZeroCurve.csv,3741.21466486982
20340327.0,20340627.0,20340327.0,20340627.0,20340629.0,0.25555555555555554,0.0,0.0,0.045,80.86705317974355,114.99999999999999,0.7031917667803788,C:\Users\ciiad\github5\FRTB_Python\MarketData\outputdata\20241210\USD\USD IRS ZeroCurve.csv,C:\Users\ciiad\github5\FRTB_Python\MarketData\outputdata\20241210\USD\USD IRS ZeroCurve.csv,3741.21466486982
