Term,Rate,PriceDate,NBD,StartDate,EndDate,PayDate
0.00821917808219178,2.7796824428917155,20260807,0,20260807,20260810,20260810
0.2602739726027397,2.914826769083963,20260807,0,20260810,20261110,20261110
1.0082191780821919,3.413734555244446,20260807,0,20260810,20270810,20270810
2.010958904109589,3.6768851280212407,20260807,0,20260810,20280810,20280810
3.010958904109589,3.7786117494106293,20260807,0,20260810,20290810,20290810
4.016438356164383,3.8479610681533813,20260807,0,20260810,20300812,20300812
5.013698630136986,3.8972327709198,20260807,0,20260810,20310811,20310811
7.013698630136986,3.960160434246064,20260807,0,20260810,20330810,20330810
10.01917808219178,4.013510838150978,20260807,0,20260810,20360811,20360811
